text,account_age_days,followers,sudden_seller,price_ratio,has_seat_details,event_found,event_details_match,event_high_demand,event_before_on_sale,event_app_only,ch_category,ch_lookalike,ch_new_domain,ch_insecure_or_short,label
Got 2 Olivia Rodrigo tickets for OVO Arena Wembley I can't use. Cheap at £33. Can't go anymore due to a family emergency. Crypto or gift cards accepted. Can send screenshots of the tickets. Also got a couple of presale codes going for £30 each.,520,486,1,0.39,0,1,0,1,0,1,social,0,0,0,1
"Spare Central Cee ticket tonight, £85 face value, DICE transfer.",43,440,0,1.0,0,1,1,0,0,1,social,0,0,0,0
"Selling 4 tickets for Burna Boy at AO Arena. Floor standing. £98 each, face value. Moving away that month. Can do it through the Ticketmaster resale so it's safe for both of us. Transfer on the official app straight away.",56,812,0,1.03,0,1,1,1,0,1,official,0,0,0,0
"2x SZA OVO Arena Wembley. Lower tier, paid £43, selling for the same. Moving away that month. Tickets are PDFs by email for this venue. Paying through the official exchange is fine. Tickets transferred through the Ticketmaster app.",54,31,0,0.96,0,1,1,0,0,0,social,0,0,0,0
"Anyone want Tems tickets? Co-op Live. Lower tier. Selling at what I paid (£65). Can't go anymore, gutted. Bank transfer is easiest for me but can do PayPal. PayPal goods and services only.",608,7,0,0.93,0,1,1,1,0,1,secondary,0,0,0,0
"Can't make SEVENTEEN anymore, 1 tickets going at a discount, PM. Can send a screenshot of the booking so you know they're real.",24,493,0,1.0,0,1,0,1,1,1,social,0,0,0,1
"1 x Burna Boy standing, £121, listing it on Twickets now.",59,705,0,1.01,0,1,1,0,0,1,social,0,0,0,0
"Spare tickets for Stray Kids, Tottenham Hotspur Stadium. £90 each, Block 132 Row E Seats 29-37. Work came up so can't make it. Can do it through the Ticketmaster resale so it's safe for both of us. Transfer on the official app straight away.",38,13,0,0.95,1,1,1,0,0,1,social,0,0,0,0
Anyone want SZA tickets? Utilita Arena. Only £32!! Work came up last minute. Send it as a gift so there are no fees. Can send a screenshot of the booking so you know they're real.,23,12,0,0.46,0,1,1,1,0,1,official,0,0,0,1
"Tickets available, message me.",434,909,1,1.0,0,-1,-1,1,0,1,social,0,0,0,1
"Anyone want Rema tickets? Co-op Live. £156 each, Floor standing. Can't make the date anymore. Can do it through the Ticketmaster resale so it's safe for both of us. Transfer on the official app straight away.",51,561,0,1.04,0,1,1,1,0,1,official,0,0,0,0
Anyone want Tems tickets? O2 Arena. Block 388 Row E Seats 23-40. Selling at what I paid (£89). Bought too many in the presale. Bank transfer is easiest for me but can do PayPal. Happy to show proof of purchase.,25,6,0,0.94,1,1,1,1,0,1,none,0,0,0,0
"Got 1 SZA tickets for Wembley Stadium I can't use. Standing. £41 each, face value. Bought too many in the presale. Can send a screenshot of my order confirmation. Transfer on the official app straight away.",1622,1389,0,0.91,0,1,1,0,0,1,social,0,0,0,0
Anyone need SZA tickets? DM.,172,232,0,1.0,0,-1,-1,1,0,1,social,0,0,0,1
"Anyone want Stray Kids tickets? O2 Arena. £58 each, Standing. Clashes with a wedding. Will list them on Twickets so you're protected. Can transfer as soon as payment goes through the platform.",2850,1047,0,1.05,0,1,1,1,0,1,official,0,0,0,0
"Anyone want Rema tickets? OVO Arena Wembley. £54 each, Standing. Can't go anymore, gutted. Tickets are PDFs by email for this venue.",1564,207,0,0.98,0,1,1,0,0,0,secondary,0,0,0,0
"Anyone want Dave tickets? Co-op Live. Floor standing, paid £45, selling for the same. Friend dropped out. Paying through the official exchange is fine. Tickets transferred through the Ticketmaster app.",53,25,0,1.0,0,1,1,1,0,1,social,0,0,0,0
"Dave @ Utilita Arena, 3 tickets available. £140 each, Block 314 Row D Seats 15-38. Can't make the date anymore. Tickets are PDFs by email for this venue. Can transfer as soon as payment goes through the platform.",30,147,0,0.93,1,1,1,1,0,0,social,0,0,0,0
"2 tickets for SZA, £146, AXS transfer, paypal goods and services.",2495,346,0,0.97,0,1,1,0,0,1,secondary,0,0,0,0
Got 2 Coldplay tickets for AO Arena I can't use. Only £24!! Crypto or gift cards accepted.,696,7,0,0.53,0,-1,-1,0,0,0,unknown_site,0,1,1,0
"4x Coldplay OVO Arena Wembley. Cheap at £23. Can't go anymore due to a family emergency. £20 deposit to hold them for you, rest before the show. I'll transfer them after you pay. Going at a discount, just want them gone to a real fan.",1302,1416,1,1.0,0,1,1,0,0,1,secondary,0,0,0,1
Anyone want Central Cee tickets? OVO Arena Wembley. Standing. £34 each. I'm ill and can't go. Send it as a gift so there are no fees. Can send screenshots of the tickets.,418,4,0,0.4,0,1,0,1,0,1,social,0,0,0,1
"Spare tickets for Beyonce, AO Arena. Cheap at £63. Can't go anymore. £20 deposit to hold them for you, rest before the show. Can send screenshots of the tickets. Few others asking so first come first served.",322,279,0,1.0,0,1,1,0,0,1,social,0,0,0,1
"Dave at Co-op Live, Floor standing, £140 each, Ticketmaster transfer + PayPal G&S.",18,37,0,0.93,0,1,1,1,0,1,official,0,0,0,0
"1x Coldplay Utilita Arena. Block 198 Row A Seats 9-37, paid £99, selling for the same. Bought too many in the presale. PayPal goods and services only. Transfer on the official app straight away.",2675,758,0,1.04,1,1,1,1,0,0,secondary,0,0,0,0
Anyone need Olivia Rodrigo tickets? DM.,2,102,0,1.0,0,1,1,1,1,1,social,0,0,0,1
"2x Burna Boy Utilita Arena. £96 each, Block 301 Row G Seats 7-37. Message me on WhatsApp if it's easier. PayPal goods and services only.",1015,521,0,1.01,1,1,1,1,0,1,social,0,0,0,0
"Selling 1 for Dave at face (£55), will send via the official app.",720,341,0,1.0,0,1,1,1,0,0,official,0,0,0,0
"Stray Kids @ Tottenham Hotspur Stadium, 2 tickets available. Standing. £40 each, face value. Moving away that month. Can do it through the Ticketmaster resale so it's safe for both of us. Transfer on the official app straight away.",12,1145,0,0.89,0,1,1,0,0,1,official,0,0,0,0
"Anyone want Burna Boy tickets? Wembley Stadium. £122 each, Floor standing. Work came up so can't make it. PayPal goods and services only.",50,276,0,1.02,0,1,1,1,0,1,secondary,0,0,0,0
"Olivia Rodrigo at O2 Arena, Lower tier, £64 each, Ticketmaster transfer + PayPal G&S.",1683,910,0,0.91,0,1,1,1,0,1,none,0,0,0,0
"Olivia Rodrigo @ OVO Arena Wembley, 4 tickets available. Cheap at £41. Work came up last minute. Crypto or gift cards accepted. Won't last!! Going at a discount, just want them gone to a real fan.",37,572,0,0.59,0,-1,-1,1,0,1,unknown_site,1,1,1,1
"Selling 3 tickets for Dave at Utilita Arena. Cheap at £84. Crypto or gift cards accepted. Tickets sent once paid. Genuine seller, not a scam.",2853,1217,1,0.56,0,1,1,1,1,1,social,0,0,0,1
"Beyonce at O2 Arena, Standing, £55 each, Ticketmaster transfer + PayPal G&S.",41,505,0,1.0,0,1,1,0,0,1,official,0,0,0,0
"Spare Burna Boy ticket tonight, £54 face value, DICE transfer.",610,34,0,0.98,0,1,0,0,0,1,social,0,0,0,0
"Anyone want Olivia Rodrigo tickets? Co-op Live. Standing. £86 each, face value. Bought too many in the presale. Will list them on Twickets so you're protected. Happy to show proof of purchase.",1932,16,0,1.01,0,1,1,1,0,1,social,0,0,0,0
"Selling 1 tickets for Burna Boy at AO Arena. £136 each, Floor standing. Bought too many in the presale. Paying through the official exchange is fine. Can transfer as soon as payment goes through the platform.",757,1386,0,0.91,0,1,1,1,0,1,social,0,0,0,0
"Spare tickets for SEVENTEEN, Wembley Stadium. £99 each. Can't go anymore due to a family emergency. Revolut or bank transfer. Tickets sent once paid. Few others asking so first come first served. I'll send you a 6 digit code to check you're real, just send the code back.",32,31,0,1.0,0,-1,-1,1,0,1,social,0,0,0,1
"3x Central Cee Co-op Live. Floor standing, paid £127, selling for the same. Bought too many in the presale. Can do it through the Ticketmaster resale so it's safe for both of us. Happy to show proof of purchase.",42,855,0,1.0,0,1,0,0,0,1,secondary,0,0,0,0
"2x Tems OVO Arena Wembley. Only £66!! £20 deposit to hold them for you, rest before the show. Loads of people messaging, first to pay gets them. Need the full amount up front to keep them for you.",17,16,0,1.0,0,1,1,1,0,1,social,0,0,0,1
"Anyone want SEVENTEEN tickets? Utilita Arena. Standing. £53 each, face value. Clashes with a wedding. Can do it through the Ticketmaster resale so it's safe for both of us. Transfer on the official app straight away.",2564,767,0,0.96,0,1,1,1,0,1,secondary,0,0,0,0
"BLACKPINK tickets going, DM for price.",45,482,0,1.0,0,1,0,1,0,1,social,0,0,0,1
"3x Olivia Rodrigo Wembley Stadium. Standing. £74 each, face value. Will list them on Twickets so you're protected. Tickets transferred through the Ticketmaster app.",2335,163,0,1.06,0,1,1,1,0,1,social,0,0,0,0
"Spare tickets for Dave, OVO Arena Wembley. Floor standing. Selling at what I paid (£93). Can't make the date anymore. Will list them on Twickets so you're protected. Transfer on the official app straight away.",26,150,0,0.98,0,1,1,1,0,1,official,0,0,0,0
"Spare BLACKPINK tix, send me a message. Genuine seller, not a scam.",40,3,0,1.0,0,1,1,1,0,1,social,0,0,0,1
"4x SEVENTEEN AO Arena. Cheap at £45. Can't go anymore due to a family emergency. £20 deposit to hold them for you, rest before the show. I'll transfer them after you pay. Genuine seller, not a scam. Going at a discount, just want them gone to a real fan.",1306,1489,1,0.82,0,1,1,0,0,1,social,0,0,0,1
Anyone want BLACKPINK tickets? AO Arena. Cheap at £40. Work came up last minute. Don't put tickets in the reference or PayPal holds the money. Payment goes to my cousin's account as mine is restricted at the moment.,27,5,0,0.73,0,0,-1,1,0,0,social,0,0,0,1
"Selling 1 tickets for Central Cee at AO Arena. Cheap at £49. Work came up last minute. Can't take PayPal at the moment, bank instead please. I'll transfer them after you pay. Need the full amount up front to keep them for you.",818,334,1,1.0,0,-1,-1,1,0,1,unknown_site,0,1,1,1
"Anyone want Beyonce tickets? O2 Arena. £76 each. Work came up last minute. Revolut or bank transfer. I'll transfer them after you pay. I'll send you a 6 digit code to check you're real, just send the code back. Can send a screenshot of the booking so you know they're real.",15,10,0,1.0,0,0,-1,0,0,1,unknown_site,0,1,0,1
"Olivia Rodrigo @ O2 Arena, 2 tickets available. £32 each. I'm ill and can't go. Bank transfer only. Tickets sent once paid. Won't last!!",1141,833,1,1.0,0,0,-1,0,0,1,none,0,0,0,1
"Central Cee @ O2 Arena, 2 tickets available. Block 284 Row D Seats 22-34. Selling at what I paid (£136). Work came up so can't make it. Happy to use PayPal G&S so you're covered.",1886,426,0,0.91,1,1,1,1,0,1,official,0,0,0,0
Last minute 1x Beyonce at AO Arena. Cheap at £127. Can't go anymore due to a family emergency. Bank transfer only. I'll email you the PDF tickets once paid. Serious buyers only.,32,27,0,1.0,0,1,1,0,0,0,unknown_site,1,0,1,1
"Selling 1 for Dave at face (£127), will send via the official app.",45,650,0,1.06,0,1,1,1,0,1,official,0,0,0,0
"3 tickets for Burna Boy, £43, AXS transfer, paypal goods and services.",2077,832,0,0.96,0,1,1,1,0,1,social,0,0,0,0
"Spare tickets for BLACKPINK, Tottenham Hotspur Stadium. Block 120 Row E Seats 24-38. £19 each. Can't go anymore. Can't take PayPal at the moment, bank instead please. I'll email you the PDF tickets once paid.",41,365,0,0.35,1,1,0,0,0,1,none,0,0,0,1
"Anyone want Dave tickets? Utilita Arena. Standing. £42 each, face value. Friend dropped out. Paying through the official exchange is fine. Tickets transferred through the Ticketmaster app.",1907,35,0,1.0,0,1,1,0,0,1,social,0,0,0,0
"Spare tickets for Coldplay, AO Arena. £31 each. Can't go anymore. Pay half now and half when you get them. Can send screenshots of the tickets. Message me on Telegram. DM me on WhatsApp.",354,16,0,1.0,0,1,1,1,0,1,social,0,0,0,1
"Got 4 Rema tickets for OVO Arena Wembley I can't use. Lower tier. £122 each, face value. Work came up so can't make it. Will list them on Twickets so you're protected. Transfer on the official app straight away.",1506,335,0,1.02,0,1,1,1,0,1,official,0,0,0,0
"Olivia Rodrigo @ Co-op Live, 1 tickets available. Standing. £89 each. Revolut or bank transfer. 100% legit, can vouch.",9,34,0,1.0,0,1,1,1,0,1,social,0,0,0,1
"Anyone want Burna Boy tickets? Co-op Live. £51 each, Lower tier. Can't go anymore, gutted. Will list them on Twickets so you're protected. Can transfer as soon as payment goes through the platform.",1684,33,0,1.0,0,1,1,0,0,0,secondary,0,0,0,1
Selling 3 tickets for Tems at OVO Arena Wembley. Standing. Selling at what I paid (£94). Work came up so can't make it. Tickets are PDFs by email for this venue.,42,576,0,1.0,0,-1,-1,0,0,0,social,0,0,0,1
Got 3 Tems tickets for AO Arena I can't use. Lower tier. Selling at what I paid (£65). Bought too many in the presale. Can do it through the Ticketmaster resale so it's safe for both of us. Tickets transferred through the Ticketmaster app.,2259,713,0,0.93,0,1,1,0,0,0,official,0,0,0,0
Anyone need Stray Kids tickets? DM.,17,470,0,1.0,0,1,1,1,0,1,social,0,0,0,1
"Can't make Tems anymore, 2 tickets going at a discount, PM.",2496,1075,1,1.0,0,1,1,1,0,1,social,0,0,0,1
"Olivia Rodrigo @ Wembley Stadium, 1 tickets available. Standing, paid £124, selling for the same. Can't go anymore, gutted. Can send a screenshot of my order confirmation. Paying through the official exchange is fine.",1235,29,0,1.03,0,1,1,0,0,1,social,0,0,0,0
"SEVENTEEN @ Tottenham Hotspur Stadium, 3 tickets available. Floor standing. £48 each, face value. Friend dropped out. Will list them on Twickets so you're protected. Tickets transferred through the Ticketmaster app.",46,39,0,1.07,0,1,1,0,0,1,official,0,0,0,0
"Selling 3 tickets for Olivia Rodrigo at AO Arena. Floor standing. £69 each, face value. Work came up so can't make it. Bank transfer is easiest for me but can do PayPal. Can do it through the Ticketmaster resale so it's safe for both of us.",2255,967,0,0.99,0,1,1,1,0,1,social,0,0,0,0
"Anyone want Stray Kids tickets? OVO Arena Wembley. £102 each, Block 190 Row G Seats 18-38. Moving away that month. Can do it through the Ticketmaster resale so it's safe for both of us. Can transfer as soon as payment goes through the platform.",436,953,0,1.07,1,1,1,1,0,1,secondary,0,0,0,0
Anyone want Tems tickets? Utilita Arena. Only £57!! Work came up last minute. PayPal friends and family only. Tickets sent once paid. Can send a screenshot of the booking so you know they're real.,22,551,0,1.0,0,1,1,1,0,1,social,0,0,0,1
"Selling 4 tickets for Tems at Co-op Live. Floor standing. £74 each, face value. They're e-tickets, I'll forward you the PDF.",20,14,0,0.87,0,1,1,1,0,1,social,0,0,0,1
Last minute 1x Dave at Wembley Stadium. Cheap at £60. Can't go anymore due to a family emergency. PayPal friends and family only. I'll transfer them after you pay. Few others asking so first come first served.,23,1,0,0.63,0,1,1,1,0,0,secondary,0,0,0,1
Anyone want SEVENTEEN tickets? OVO Arena Wembley. £30 each. Work came up last minute. Send it as a gift so there are no fees. I'll transfer them after you pay. Few others asking so first come first served. Also got a couple of presale codes going for £30 each.,8,536,0,1.0,0,1,1,1,0,1,social,0,0,0,1
"Selling 3 tickets for SZA at Wembley Stadium. Lower tier. Selling at what I paid (£158). Can't go anymore, gutted. Can send a screenshot of my order confirmation.",21,325,0,1.05,0,1,1,0,0,0,social,0,0,0,0
"Selling 3 tickets for Rema at O2 Arena. Floor standing, paid £95, selling for the same. Moving away that month. Happy to transfer on the app, just prefer friends and family to avoid fees.",2152,1084,1,1.0,0,1,1,1,0,1,social,0,0,0,1
Anyone need Burna Boy tickets? DM.,2238,1461,1,1.0,0,0,-1,1,0,1,social,0,0,0,1
SELLING Central Cee Wembley Stadium TICKETS Cheap at £60. Crypto or gift cards accepted. I'll transfer them after you pay.,1245,940,1,0.5,0,1,0,0,0,1,social,0,0,0,1
"Burna Boy @ Wembley Stadium, 4 tickets available. £28 each. Send it as a gift so there are no fees. I'll transfer them after you pay.",529,21,0,0.62,0,0,-1,1,0,1,social,0,0,0,1
"Got 1 Burna Boy tickets for O2 Arena I can't use. £57 each, Block 263 Row F Seats 4-32. Can't go anymore, gutted. Can do it through the Ticketmaster resale so it's safe for both of us. Can transfer as soon as payment goes through the platform.",2649,697,0,1.04,1,1,1,0,0,1,social,0,0,0,0
Anyone want Rema tickets? OVO Arena Wembley. Lower tier. Selling at what I paid (£77). Friend dropped out. Paying through the official exchange is fine. Happy to show proof of purchase.,386,1369,0,0.91,0,1,1,1,0,1,official,0,0,0,0
SELLING Rema AO Arena TICKETS Cheap at £31. Work came up last minute. Pay half now and half when you get them. Can send screenshots of the tickets. Won't last!!,25,369,0,1.0,0,1,1,1,1,1,social,0,0,0,1
"Anyone want Dave tickets? O2 Arena. Lower tier, paid £86, selling for the same. Paying through the official exchange is fine. Tickets transferred through the Ticketmaster app.",16,577,0,1.01,0,1,1,0,0,1,none,0,0,0,0
Anyone want Tems tickets? Wembley Stadium. Standing. Selling at what I paid (£49). Moving away that month. Can do it through the Ticketmaster resale so it's safe for both of us. Transfer on the official app straight away.,721,1048,0,1.09,0,1,1,1,0,1,none,0,0,0,0
"Anyone want SEVENTEEN tickets? Wembley Stadium. Block 254 Row G Seats 27-35. £152 each, face value. Clashes with a wedding. Happy to transfer on the app, just prefer friends and family to avoid fees.",950,1192,1,1.01,1,1,1,1,0,1,social,0,0,0,1
"Got 2 SEVENTEEN tickets for AO Arena I can't use. Floor standing, paid £45, selling for the same. Bought too many in the presale. Small deposit to hold them and I'll transfer on the app.",5,330,0,1.0,0,0,-1,1,0,1,social,0,0,0,1
"Anyone want Stray Kids tickets? O2 Arena. £42 each, Block 288 Row F Seats 13-40. Can't go anymore, gutted. Paying through the official exchange is fine. Happy to show proof of purchase.",2320,636,0,1.0,1,1,1,0,0,1,social,0,0,0,1
"Selling 1 for Olivia Rodrigo at face (£69), will send via the official app.",301,35,0,1.0,0,1,1,1,0,1,social,0,0,0,1
"Tems tickets going, DM for price. I'll send you a 6 digit code to check you're real, just send the code back.",44,261,0,1.0,0,1,0,0,0,0,social,0,0,0,1
Selling 4 tickets for SZA at Wembley Stadium. Only £40!! Work came up last minute. Send it as a gift so there are no fees. I'll transfer them after you pay. Payment goes to my cousin's account as mine is restricted at the moment.,8,7,0,1.0,0,1,1,0,0,0,social,0,0,0,1
"Spare tickets for Tems, O2 Arena. Lower tier. £54 each, face value. Moving away that month. Please leave the reference blank, PayPal is funny about tickets.",840,23,0,1.0,0,1,1,1,0,1,social,0,0,0,1
"Got 3 Tems tickets for Tottenham Hotspur Stadium I can't use. Block 378 Row A Seats 24-36, paid £45, selling for the same. Can't go anymore, gutted. PayPal goods and services only. Transfer on the official app straight away.",36,1257,0,1.0,1,1,1,0,0,1,social,0,0,0,0
Dave tickets at Tottenham Hotspur Stadium!! Only £33!! I'm ill and can't go. Revolut or bank transfer. I'll email you the PDF tickets once paid. Can send a screenshot of the booking so you know they're real.,1728,668,1,0.6,0,1,1,0,1,1,social,0,0,0,0
"Anyone want SZA tickets? Tottenham Hotspur Stadium. Block 322 Row F Seats 20-35. £45 each, face value. Friend dropped out. Happy to use PayPal G&S so you're covered. Can transfer as soon as payment goes through the platform.",2125,782,0,1.0,1,1,1,1,0,1,social,0,0,0,0
"Got 2 Beyonce tickets for Utilita Arena I can't use. £42 each, Block 129 Row F Seats 30-31. Bought too many in the presale. Please leave the reference blank, PayPal is funny about tickets.",19,387,0,1.0,1,1,1,1,0,0,social,0,0,0,1
"Can't make Dave anymore, 4 tickets going at a discount, PM.",342,426,0,1.0,0,0,-1,1,0,1,social,0,0,0,1
"Got 1 Central Cee tickets for Wembley Stadium I can't use. £153 each, Block 405 Row E Seats 11-32. Can't make the date anymore. Paying through the official exchange is fine. Can transfer as soon as payment goes through the platform.",610,1196,0,1.0,1,1,1,0,0,1,secondary,0,0,0,0
"Olivia Rodrigo at OVO Arena Wembley, Floor standing, £54 each, Ticketmaster transfer + PayPal G&S.",421,1373,0,0.98,0,1,1,0,0,1,official,0,0,0,0
"SZA tickets at Co-op Live!! Only £55!! Can't go anymore due to a family emergency. Crypto or gift cards accepted. I'll email you the PDF tickets once paid. 100% legit, can vouch.",2091,455,1,1.0,0,1,1,0,0,1,social,0,0,0,1
1x Rema Wembley Stadium. Lower tier. Selling at what I paid (£136). Bought too many in the presale. Need them gone quick.,14,783,0,0.91,0,1,1,1,0,1,social,0,0,0,0
"Anyone want Burna Boy tickets? AO Arena. Lower tier. £46 each, face value. Moving away that month. Will list them on Twickets so you're protected.",50,39,0,1.02,0,1,1,0,0,1,social,0,0,0,0
"SZA @ Tottenham Hotspur Stadium, 4 tickets available. £55 each, Lower tier. Friend dropped out. Will list them on Twickets so you're protected. Tickets transferred through the Ticketmaster app.",26,16,0,1.0,0,1,1,1,0,0,official,0,0,0,0
"Olivia Rodrigo @ OVO Arena Wembley, 2 tickets available. £71 each, Block 357 Row G Seats 14-37. Can't go anymore, gutted. Happy to use PayPal G&S so you're covered.",2861,735,0,1.01,1,1,1,1,0,1,social,0,0,0,0
"Selling my Stray Kids tickets cheap, message me for details. Few others asking so first come first served.",133,30,0,1.0,0,1,0,1,0,1,social,0,0,0,1
"Selling 2 tickets for Coldplay at Tottenham Hotspur Stadium. £74 each, Floor standing. Can do it through the Ticketmaster resale so it's safe for both of us. Transfer on the official app straight away.",2590,383,0,1.06,0,1,1,1,0,1,secondary,0,0,0,0
Who wants Rema tickets?? Message me x,1153,751,1,1.0,0,1,1,0,0,1,social,0,0,0,1
"Got 1 Olivia Rodrigo tickets for Co-op Live I can't use. Block 393 Row K Seats 18-39. £86 each, face value. Clashes with a wedding. Can do it through the Ticketmaster resale so it's safe for both of us.",977,723,0,1.01,1,1,1,0,0,0,secondary,0,0,0,0
3x Beyonce AO Arena. Standing. Selling at what I paid (£73). Bought too many in the presale. Can do it through the Ticketmaster resale so it's safe for both of us. Tickets transferred through the Ticketmaster app.,1760,1482,0,1.04,0,1,1,1,0,1,social,0,0,0,0
"Selling 3 tickets for BLACKPINK at OVO Arena Wembley. Floor standing. Selling at what I paid (£53). Moving away that month. Please leave the reference blank, PayPal is funny about tickets.",40,0,0,1.0,0,1,1,1,0,0,social,0,0,0,1
"Tickets available, message me.",3,0,0,1.0,0,1,0,1,0,1,social,0,0,0,1
"Coldplay tickets at O2 Arena!! Standing. £23 each. I'm ill and can't go. PayPal friends and family only. Can send screenshots of the tickets. 100% legit, can vouch.",7,15,0,0.51,0,1,1,1,0,1,secondary,0,0,0,1
"Anyone want BLACKPINK tickets? AO Arena. £74 each, Standing. Moving away that month. PayPal goods and services only.",46,779,0,1.06,0,1,1,0,0,1,social,0,0,0,0
"Selling 4 tickets for Central Cee at Co-op Live. £134 each, Lower tier. Can't go anymore, gutted. Please leave the reference blank, PayPal is funny about tickets.",123,363,0,0.89,0,0,-1,1,0,1,social,0,0,0,1
SELLING Beyonce Utilita Arena TICKETS Cheap at £61. PayPal isn't working on my account so bank transfer instead. Will send after payment. Won't last!!,43,16,0,1.0,0,1,1,1,0,1,social,0,0,0,1
"Selling 1 tickets for Stray Kids at Co-op Live. Floor standing, paid £86, selling for the same. Can't go anymore, gutted. PayPal goods and services only. Transfer on the official app straight away.",2978,1217,0,0.91,0,1,1,0,0,1,official,0,0,0,0
"Got 3 Olivia Rodrigo tickets for OVO Arena Wembley I can't use. Cheap at £69. Can't go anymore due to a family emergency. £20 deposit to hold them for you, rest before the show. Tickets sent once paid. Going at a discount, just want them gone to a real fan.",1165,1322,1,1.0,0,1,0,1,0,0,secondary,0,0,0,1
"Last minute 2x Beyonce at Tottenham Hotspur Stadium. Standing. £39 each. Can't go anymore. PayPal friends and family only. Will send after payment. Going at a discount, just want them gone to a real fan.",835,22,0,0.46,0,1,1,0,0,1,social,0,0,0,1
"Anyone want Stray Kids tickets? Utilita Arena. Lower tier, paid £124, selling for the same. Can't go anymore, gutted. Can email the PDF tickets over tonight.",2885,1060,1,1.0,0,1,0,0,0,1,social,0,0,0,1
"Spare tickets for Beyonce, O2 Arena. £147 each, Block 350 Row H Seats 29-35. Clashes with a wedding. Easier to chat on WhatsApp, payment by bank transfer.",18,11,0,1.0,1,1,1,1,0,1,none,0,0,0,1
"1x Burna Boy O2 Arena. £92 each, Block 280 Row H Seats 14-37. Friend dropped out. Can send a screenshot of my order confirmation. Can transfer as soon as payment goes through the platform.",2657,449,0,1.08,1,1,1,0,0,1,none,0,0,0,0
"Tickets available, message me.",12,16,0,1.0,0,1,1,0,0,1,social,0,0,0,1
"1x Tems Wembley Stadium. Block 169 Row C Seats 3-39, paid £89, selling for the same. Work came up so can't make it. Paying through the official exchange is fine. Transfer on the official app straight away.",1639,22,0,1.05,1,0,-1,0,0,1,social,0,0,0,0
"Last minute 3x Coldplay at Co-op Live. £57 each. Can't go anymore due to a family emergency. Send it as a gift so there are no fees. I'll send you a 6 digit code to check you're real, just send the code back.",357,509,0,0.81,0,1,1,1,1,1,social,0,0,0,1
"Got 2 Olivia Rodrigo tickets for OVO Arena Wembley I can't use. Lower tier. Selling at what I paid (£44). Can't go anymore, gutted. Happy to use PayPal G&S so you're covered. Happy to show proof of purchase.",2228,22,0,0.98,0,1,1,0,0,1,social,0,0,0,0
Got 2 Stray Kids tickets for Wembley Stadium I can't use. Block 314 Row K Seats 6-40. Selling at what I paid (£105). PayPal is limited on my account right now so bank transfer instead.,33,13,0,0.88,1,1,0,1,1,1,social,0,0,0,1
"Got 1 Rema tickets for Tottenham Hotspur Stadium I can't use. Standing. £145 each, face value. Work came up so can't make it. Tickets are PDFs by email for this venue.",1273,840,0,1.0,0,1,1,1,0,0,social,0,0,0,0
"Spare tickets for SZA, Co-op Live. Standing. Selling at what I paid (£50). Can email the PDF tickets over tonight.",1148,1011,1,0.91,0,1,1,1,0,1,secondary,0,0,0,1
"Anyone want SZA tickets? Tottenham Hotspur Stadium. £153 each, Floor standing. Bought too many in the presale. Paying through the official exchange is fine. Transfer on the official app straight away.",1887,546,0,1.02,0,1,1,0,0,0,social,0,0,0,0
"Spare tickets for Coldplay, AO Arena. Block 255 Row G Seats 4-33. £91 each, face value. Work came up so can't make it. Will list them on Twickets so you're protected. Can transfer as soon as payment goes through the platform.",2204,672,0,1.07,1,1,1,0,0,1,social,0,0,0,0
"Anyone want Dave tickets? Tottenham Hotspur Stadium. Cheap at £57. Work came up last minute. Crypto or gift cards accepted. 100% legit, can vouch. Going at a discount, just want them gone to a real fan.",1493,907,1,0.81,0,1,1,1,0,1,social,0,0,0,1
"Selling 3 tickets for Beyonce at Utilita Arena. Standing, paid £43, selling for the same. Moving away that month. Bank transfer is easiest for me but can do PayPal. Paying through the official exchange is fine. Can transfer as soon as payment goes through the platform.",52,554,0,0.96,0,-1,-1,0,0,1,social,0,0,0,0
"2 spare for Olivia Rodrigo, inbox me.",8,28,0,1.0,0,0,-1,1,0,1,social,0,0,0,1
"Got 1 SZA tickets for AO Arena I can't use. £40 each, Block 338 Row K Seats 10-33. Moving away that month. Happy to use PayPal G&S so you're covered. Happy to show proof of purchase.",567,1239,0,0.89,1,1,1,0,0,0,social,0,0,0,0
"Got 2 BLACKPINK tickets for OVO Arena Wembley I can't use. Standing. £164 each, face value. Bought too many in the presale. Paying through the official exchange is fine. Transfer on the official app straight away.",31,36,0,1.09,0,1,1,1,0,1,secondary,0,0,0,0
Got 3 SZA tickets for Co-op Live I can't use. Lower tier. Selling at what I paid (£65). Clashes with a wedding. Will list them on Twickets so you're protected. Can transfer as soon as payment goes through the platform.,2973,469,0,0.93,0,1,1,0,0,1,social,0,0,0,0
"Stray Kids at Utilita Arena, Floor standing, £63 each, Ticketmaster transfer + PayPal G&S.",37,323,0,1.0,0,1,1,1,0,1,social,0,0,0,0
"Stray Kids @ AO Arena, 1 tickets available. Only £33!! Work came up last minute. PayPal friends and family only. Can send screenshots of the tickets. I'll send you a 6 digit code to check you're real, just send the code back.",587,6,0,1.0,0,1,1,1,0,0,social,0,0,0,1
"1 x Tems standing, £152, listing it on Twickets now.",2147,380,0,1.01,0,1,1,1,0,1,social,0,0,0,0
"Spare tickets for SEVENTEEN, Wembley Stadium. Lower tier. Selling at what I paid (£44). Can't go anymore, gutted. Happy to use PayPal G&S so you're covered. Tickets transferred through the Ticketmaster app.",52,5,0,0.98,0,1,1,0,0,1,official,0,0,0,0
"4 tickets for SEVENTEEN, £116, AXS transfer, paypal goods and services.",2587,161,0,0.97,0,1,1,0,0,1,social,0,0,0,0
"Selling 4 tickets for Beyonce at O2 Arena. £81 each, Floor standing. Clashes with a wedding. Can do it through the Ticketmaster resale so it's safe for both of us.",775,113,0,0.95,0,1,1,1,0,1,official,0,0,0,0
"Spare Burna Boy tix, send me a message. Going at a discount, just want them gone to a real fan.",2,1,0,1.0,0,0,-1,1,0,1,social,0,0,0,1
Anyone want Tems tickets? Utilita Arena. £65 each. Can't go anymore due to a family emergency. Bank transfer only. Can send screenshots of the tickets.,832,1,0,0.43,0,1,0,0,0,1,secondary,0,0,0,1
"Selling 1 tickets for Stray Kids at O2 Arena. Block 160 Row E Seats 23-36, paid £79, selling for the same. Friend dropped out. Will list them on Twickets so you're protected. Happy to show proof of purchase.",2176,1090,1,0.93,1,1,1,0,0,0,social,0,0,0,0
"Spare tickets for Tems, OVO Arena Wembley. Standing. £110 each, face value. PayPal is limited on my account right now so bank transfer instead.",290,25,0,1.0,0,1,0,1,0,1,secondary,0,0,0,1
"2x Burna Boy AO Arena. Cheap at £45. Can't go anymore. PayPal isn't working on my account so bank transfer instead. I'll email you the PDF tickets once paid. 100% legit, can vouch. DM me on WhatsApp.",21,29,0,1.0,0,1,1,0,0,1,social,0,0,0,1
"3x Tems Wembley Stadium. Standing, paid £41, selling for the same. Moving away that month. Paying through the official exchange is fine. Can transfer as soon as payment goes through the platform.",2267,1328,0,0.91,0,1,1,0,0,1,social,0,0,0,0
SELLING Rema Wembley Stadium TICKETS Standing. £40 each. Can't go anymore due to a family emergency. Revolut or bank transfer. I'll transfer them after you pay.,755,2,0,0.73,0,-1,-1,1,0,1,social,0,0,0,1
3x Tems Tottenham Hotspur Stadium. Floor standing. Selling at what I paid (£104). Bought too many in the presale. PayPal goods and services only. Transfer on the official app straight away.,1169,904,0,1.09,0,1,1,0,0,1,official,0,0,0,0
Burna Boy tickets at Co-op Live!! Block 340 Row K Seats 21-34. £73 each. Work came up last minute. PayPal friends and family only. I'll transfer them after you pay. Serious buyers only.,1997,188,1,0.77,1,-1,-1,1,0,0,social,0,0,0,1
"Tickets available, message me.",145,255,0,1.0,0,-1,-1,1,1,1,social,0,0,0,1
"SEVENTEEN @ AO Arena, 2 tickets available. £155 each, Standing. Moving away that month. Can do it through the Ticketmaster resale so it's safe for both of us. Transfer on the official app straight away.",329,872,0,1.03,0,-1,-1,1,0,1,secondary,0,0,0,0
"1x Rema OVO Arena Wembley. Lower tier. Selling at what I paid (£89). Please leave the reference blank, PayPal is funny about tickets.",586,34,0,0.94,0,1,1,0,0,0,social,0,0,0,1
"Beyonce @ Tottenham Hotspur Stadium, 2 tickets available. £144 each, Floor standing. Moving away that month. Can do it through the Ticketmaster resale so it's safe for both of us. Can transfer as soon as payment goes through the platform.",32,12,0,0.96,0,1,1,0,0,1,social,0,0,0,0
"Burna Boy @ Co-op Live, 3 tickets available. Standing. Selling at what I paid (£103). Clashes with a wedding. Will list them on Twickets so you're protected.",534,752,0,1.08,0,1,1,0,0,1,social,0,0,0,0
"Anyone want Dave tickets? O2 Arena. Standing. Selling at what I paid (£144). Can't go anymore, gutted. Will list them on Twickets so you're protected.",264,915,0,0.96,0,1,1,0,0,1,secondary,0,0,0,0
"Spare SEVENTEEN tix, send me a message.",412,817,1,1.0,0,-1,-1,1,0,0,social,0,0,0,1
"Selling 2 tickets for SZA at O2 Arena. £98 each, Block 398 Row J Seats 9-38. Moving away that month. Happy to use PayPal G&S so you're covered.",26,1104,0,1.03,1,1,1,0,0,1,official,0,0,0,0
"4 tickets for Tems, £89, AXS transfer, paypal goods and services.",2960,876,0,1.05,0,1,1,0,0,1,secondary,0,0,0,0
"Got 3 SEVENTEEN tickets for Utilita Arena I can't use. £60 each, Floor standing. Can't go anymore, gutted. PayPal is limited on my account right now so bank transfer instead.",1587,797,1,0.86,0,-1,-1,1,0,1,social,0,0,0,1
"2x Stray Kids Wembley Stadium. £125 each, Lower tier. Clashes with a wedding. Happy to use PayPal G&S so you're covered. Transfer on the official app straight away.",2733,36,0,1.04,0,-1,-1,0,0,1,secondary,0,0,0,0
"Selling 2 tickets for Rema at Tottenham Hotspur Stadium. £75 each. £20 deposit to hold them for you, rest before the show. I'll transfer them after you pay.",40,33,0,1.0,0,1,1,0,0,1,unknown_site,1,1,0,1
"Anyone want Rema tickets? Utilita Arena. Lower tier. £54 each, face value. Bought too many in the presale. Will list them on Twickets so you're protected. Can transfer as soon as payment goes through the platform.",636,23,0,0.98,0,1,1,0,0,1,social,0,0,0,0
Got 3 Burna Boy tickets for Wembley Stadium I can't use. £108 each. I'm ill and can't go. Pay half now and half when you get them. I'll email you the PDF tickets once paid.,7,475,0,0.72,0,1,0,1,0,1,secondary,0,0,0,1
"3x SEVENTEEN Wembley Stadium. Block 152 Row A Seats 12-34. £67 each. Can't go anymore. Don't put tickets in the reference or PayPal holds the money. I'll transfer them after you pay. Loads of people messaging, first to pay gets them.",40,30,0,1.0,1,0,-1,1,0,1,social,0,0,0,1
"Beyonce @ AO Arena, 4 tickets available. Lower tier, paid £57, selling for the same. PayPal is limited on my account right now so bank transfer instead.",698,19,0,1.04,0,1,1,1,0,1,social,0,0,0,1
"Rema @ O2 Arena, 2 tickets available. Floor standing. Selling at what I paid (£69). Can't make the date anymore. Can do it through the Ticketmaster resale so it's safe for both of us.",234,1289,0,0.99,0,1,1,1,0,1,none,0,0,0,0
"SELLING Central Cee OVO Arena Wembley TICKETS Standing. £33 each. Work came up last minute. Revolut or bank transfer. I'll transfer them after you pay. 100% legit, can vouch. DM me on WhatsApp.",2119,417,1,1.0,0,1,1,1,0,1,social,0,0,0,1
"Selling 3 tickets for Stray Kids at Utilita Arena. Floor standing. £51 each, face value. Can't make the date anymore. Happy to use PayPal G&S so you're covered. Can transfer as soon as payment goes through the platform.",208,32,0,0.93,0,1,1,0,0,1,official,0,0,0,0
"SZA @ O2 Arena, 1 tickets available. £96 each, Lower tier. Happy to transfer on the app, just prefer friends and family to avoid fees.",33,4,0,1.01,0,1,1,1,0,1,social,0,0,0,1
"Spare tickets for BLACKPINK, Wembley Stadium. Block 255 Row E Seats 16-33. Selling at what I paid (£51). Bought too many in the presale. Happy to use PayPal G&S so you're covered. Can transfer as soon as payment goes through the platform.",31,774,0,0.93,1,1,1,0,0,1,social,0,0,0,0
"Spare tickets for Dave, OVO Arena Wembley. £147 each, Block 201 Row B Seats 2-39. Can't go anymore, gutted. Paying through the official exchange is fine. Transfer on the official app straight away.",2574,20,0,1.0,1,1,1,0,0,1,official,0,0,0,0
"Anyone want Stray Kids tickets? Tottenham Hotspur Stadium. Standing, paid £65, selling for the same. Can't go anymore, gutted. Will list them on Twickets so you're protected.",1487,378,0,0.93,0,1,1,1,0,1,official,0,0,0,0
"2x SEVENTEEN O2 Arena. £153 each, Block 131 Row F Seats 21-33. PayPal goods and services only. Happy to show proof of purchase.",2423,16,0,1.02,1,1,1,1,0,0,social,0,0,0,0
"1 x Olivia Rodrigo standing, £154, listing it on Twickets now.",28,1305,0,1.03,0,1,1,0,0,1,social,0,0,0,0
"2 spare for Burna Boy, inbox me.",32,9,0,1.0,0,1,0,1,0,1,social,0,0,0,1
Got 3 BLACKPINK tickets for AO Arena I can't use. Block 127 Row C Seats 13-31. Selling at what I paid (£151). Friend dropped out. PayPal goods and services only. Can transfer as soon as payment goes through the platform.,2647,1411,0,1.01,1,1,1,0,0,1,social,0,0,0,0
"1 x Central Cee standing, £44, listing it on Twickets now.",498,1342,0,1.0,0,1,1,1,0,1,official,0,0,0,0
"Beyonce @ Tottenham Hotspur Stadium, 2 tickets available. Block 257 Row C Seats 27-31. Selling at what I paid (£77). Easier to chat on WhatsApp, payment by bank transfer.",41,201,0,1.0,1,1,0,1,0,1,social,0,0,0,1
"Spare Burna Boy tix, send me a message. Like and comment below and I'll inbox you the details.",29,17,0,1.0,0,0,-1,1,0,1,social,0,0,0,1
"Spare tickets for SEVENTEEN, AO Arena. Lower tier. £95 each, face value. Bought too many in the presale. PayPal goods and services only. Can transfer as soon as payment goes through the platform.",2668,1459,0,1.0,0,1,1,0,0,1,official,0,0,0,0
"Selling 2 tickets for Tems at Utilita Arena. Standing, paid £89, selling for the same. Bought too many in the presale. PayPal goods and services only. Happy to show proof of purchase.",48,988,0,1.0,0,1,1,0,0,0,social,0,0,0,0
"Central Cee tickets at Co-op Live!! £42 each. Bank transfer only. I'll transfer them after you pay. 100% legit, can vouch.",1334,416,1,0.76,0,0,-1,1,0,0,social,0,0,0,1
"Dave @ Wembley Stadium, 2 tickets available. Floor standing. £74 each, face value. Work came up so can't make it. Paying through the official exchange is fine. Can transfer as soon as payment goes through the platform.",981,957,0,1.0,0,1,1,0,0,0,social,0,0,0,0
"2x Burna Boy Tottenham Hotspur Stadium. Lower tier. £98 each, face value. Moving away that month. Happy to use PayPal G&S so you're covered. Tickets transferred through the Ticketmaster app.",1109,33,0,1.03,0,1,1,0,0,1,social,0,0,0,0
"Olivia Rodrigo @ Co-op Live, 4 tickets available. Cheap at £86. I'm ill and can't go. £20 deposit to hold them for you, rest before the show. Can send screenshots of the tickets. Few others asking so first come first served.",1254,724,1,0.57,0,0,-1,1,0,1,social,0,0,0,1
"Selling 1 for Coldplay at face (£59), will send via the official app.",1232,408,0,1.07,0,1,1,0,0,1,social,0,0,0,0
"4x Central Cee Utilita Arena. Floor standing. £143 each, face value. Friend dropped out. Please leave the reference blank, PayPal is funny about tickets.",328,224,0,1.0,0,1,0,1,0,0,social,0,0,0,1
"Last minute 3x Stray Kids at Tottenham Hotspur Stadium. Cheap at £20. Can't go anymore. Bank transfer only. I'll email you the PDF tickets once paid. Loads of people messaging, first to pay gets them. I'll send you a 6 digit code to check you're real, just send the code back.",133,578,0,0.44,0,1,0,1,0,1,social,0,0,0,1
"SEVENTEEN @ Tottenham Hotspur Stadium, 2 tickets available. Block 230 Row F Seats 4-37. £77 each, face value. Bought too many in the presale. Can do it through the Ticketmaster resale so it's safe for both of us. Tickets transferred through the Ticketmaster app.",11,590,0,1.0,1,1,1,1,0,0,secondary,0,0,0,0
SELLING Burna Boy AO Arena TICKETS Standing. £27 each. Can't go anymore due to a family emergency. PayPal friends and family only. Few others asking so first come first served.,349,37,0,1.0,0,1,1,1,0,1,social,0,0,0,1
"SELLING SEVENTEEN Co-op Live TICKETS Only £19!! Don't put tickets in the reference or PayPal holds the money. I'll transfer them after you pay. Going at a discount, just want them gone to a real fan.",4,0,0,1.0,0,-1,-1,0,0,1,social,0,0,0,0
"Dave @ Tottenham Hotspur Stadium, 3 tickets available. Cheap at £53. Revolut or bank transfer. Tickets sent once paid. Can send a screenshot of the booking so you know they're real.",289,26,0,1.0,0,0,-1,1,0,1,social,0,0,0,1
"Spare Burna Boy ticket tonight, £52 face value, DICE transfer.",379,1441,0,1.0,0,1,1,0,0,1,none,0,0,0,0
"Got tickets going for Coldplay tonight, pm for info.",8,1,0,1.0,0,-1,-1,1,0,1,social,0,0,0,1
"Selling 4 tickets for Rema at Wembley Stadium. Block 171 Row G Seats 27-32, paid £71, selling for the same. Clashes with a wedding. Can do it through the Ticketmaster resale so it's safe for both of us. Tickets transferred through the Ticketmaster app.",10,282,0,1.01,1,1,1,1,0,0,social,0,0,0,0
"Got 1 Tems tickets for AO Arena I can't use. £124 each, Lower tier. Work came up so can't make it. Can do it through the Ticketmaster resale so it's safe for both of us. Tickets transferred through the Ticketmaster app.",847,17,0,1.03,0,1,1,1,0,0,official,0,0,0,0
"SZA @ OVO Arena Wembley, 4 tickets available. Floor standing, paid £41, selling for the same. Work came up so can't make it. PayPal goods and services only.",1617,17,0,0.91,0,1,1,0,0,1,social,0,0,0,0
Last minute 1x Central Cee at Tottenham Hotspur Stadium. Standing. £20 each. Work came up last minute. PayPal isn't working on my account so bank transfer instead. Tickets sent once paid. Need the full amount up front to keep them for you. Message me on Telegram.,11,9,0,0.44,0,1,1,0,0,1,social,0,0,0,1
"Stray Kids @ O2 Arena, 4 tickets available. Floor standing. £86 each, face value. PDF tickets, sent by email.",365,20,0,1.0,0,-1,-1,1,0,1,unknown_site,1,1,0,1
SELLING Coldplay Wembley Stadium TICKETS £66 each. I'm ill and can't go. PayPal friends and family only. Tickets sent once paid.,1219,1392,1,1.0,0,0,-1,0,1,1,social,0,0,0,1
"Central Cee @ Utilita Arena, 1 tickets available. £88 each, Lower tier. Small deposit to hold them and I'll transfer on the app.",45,2,0,1.0,0,0,-1,1,0,1,social,0,0,0,1
Selling 1 tickets for Tems at AO Arena. Block 251 Row G Seats 15-40. Selling at what I paid (£122). Can't make the date anymore. PayPal is limited on my account right now so bank transfer instead.,45,18,0,1.02,1,0,-1,1,1,1,social,0,0,0,1
Got 1 Dave tickets for Co-op Live I can't use. Standing. £63 each. Can't go anymore due to a family emergency. Revolut or bank transfer. Can send screenshots of the tickets.,386,37,0,0.74,0,-1,-1,1,0,1,social,0,0,0,1
"Dave @ Co-op Live, 4 tickets available. Lower tier. £87 each, face value. Bought too many in the presale. Will list them on Twickets so you're protected. Happy to show proof of purchase.",2604,947,0,1.02,0,1,1,1,0,1,official,0,0,0,0
"1x Rema Wembley Stadium. Standing. Selling at what I paid (£38). Happy to transfer on the app, just prefer friends and family to avoid fees.",4,26,0,0.84,0,1,1,1,0,1,secondary,0,0,0,1
"Spare tickets for SEVENTEEN, Wembley Stadium. Lower tier. £31 each. Can't take PayPal at the moment, bank instead please. I'll email you the PDF tickets once paid. Also got a couple of presale codes going for £30 each.",8,35,0,0.44,0,1,1,1,0,1,social,0,0,0,1
"Got 2 Coldplay tickets for Tottenham Hotspur Stadium I can't use. Floor standing. £43 each, face value. Bought too many in the presale. Can do it through the Ticketmaster resale so it's safe for both of us. Can transfer as soon as payment goes through the platform.",2180,1313,0,0.96,0,1,1,0,0,1,social,0,0,0,0
"Selling 4 tickets for BLACKPINK at Wembley Stadium. Standing, paid £62, selling for the same. Easier to chat on WhatsApp, payment by bank transfer.",2343,1186,1,0.89,0,1,0,0,1,1,social,0,0,0,1
"Rema @ AO Arena, 2 tickets available. Block 133 Row H Seats 18-31. £78 each, face value. Work came up so can't make it. Can do it through the Ticketmaster resale so it's safe for both of us. Transfer on the official app straight away.",12,766,0,1.0,1,1,1,1,0,0,social,0,0,0,0
"4 tickets for SZA, £76, AXS transfer, paypal goods and services.",2411,1100,0,1.09,0,1,1,1,0,1,social,0,0,0,0
Anyone want Burna Boy tickets? Co-op Live. Only £32!! Can't go anymore due to a family emergency. Bank transfer only. I'll email you the PDF tickets once paid. Message me on Telegram.,2978,1218,1,0.38,0,0,-1,1,0,1,social,0,0,0,1
"4x Dave Co-op Live. Floor standing. £66 each, face value. Can't make the date anymore. PayPal goods and services only. Transfer on the official app straight away.",693,245,0,1.0,0,0,-1,0,0,1,official,0,0,0,0
"SZA @ Co-op Live, 3 tickets available. £72 each, Standing. Friend dropped out. Happy to use PayPal G&S so you're covered. Transfer on the official app straight away.",40,20,0,1.03,0,1,1,1,0,1,official,0,0,0,0
"Selling 3 tickets for Beyonce at AO Arena. Floor standing, paid £96, selling for the same. Easier to chat on WhatsApp, payment by bank transfer.",11,6,0,1.01,0,1,1,1,0,0,social,0,0,0,1
"Spare tickets for Olivia Rodrigo, Tottenham Hotspur Stadium. £23 each. Crypto or gift cards accepted. I'll send you a 6 digit code to check you're real, just send the code back.",416,671,1,1.0,0,1,1,1,0,1,social,0,0,0,1
"Spare tickets for BLACKPINK, OVO Arena Wembley. Standing, paid £131, selling for the same. Work came up so can't make it. PayPal goods and services only. Can transfer as soon as payment goes through the platform.",1538,13,0,1.09,0,1,1,0,0,1,unknown_site,0,0,0,0
Anyone want SZA tickets? Utilita Arena. Cheap at £34. Can't go anymore due to a family emergency. Bank transfer only. Message me on Telegram.,7,7,0,0.76,0,1,1,1,0,1,none,0,0,0,1
"Selling 1 tickets for Dave at Tottenham Hotspur Stadium. Block 185 Row A Seats 19-35. £110 each, face value. Clashes with a wedding. Paying through the official exchange is fine.",55,39,1,0.92,1,1,1,1,0,1,official,0,0,0,1
"Dave at Co-op Live, Lower tier, £94 each, Ticketmaster transfer + PayPal G&S.",2905,362,0,1.0,0,1,1,1,0,1,social,0,0,0,0
"Got 4 SZA tickets for O2 Arena I can't use. £77 each, Floor standing. Bought too many in the presale. Tickets are PDFs by email for this venue. Tickets transferred through the Ticketmaster app.",2601,410,0,0.91,0,1,1,0,0,0,social,0,0,0,0
"Selling my Dave tickets cheap, message me for details.",10,10,0,1.0,0,1,1,1,0,1,social,0,0,0,1
"Burna Boy @ O2 Arena, 1 tickets available. Lower tier. £57 each, face value. Moving away that month. PayPal goods and services only.",2631,1074,0,1.04,0,1,1,1,0,1,official,0,0,0,0
"Spare tickets for Coldplay, Wembley Stadium. Cheap at £124. Send it as a gift so there are no fees. Can send screenshots of the tickets. I'll send you a 6 digit code to check you're real, just send the code back.",462,37,0,0.83,0,1,1,1,0,1,social,0,0,0,1
"Spare tickets for Tems, Utilita Arena. £163 each, Standing. Friend dropped out. Tickets are PDFs by email for this venue. Happy to use PayPal G&S so you're covered.",14,29,0,1.09,0,1,1,0,0,0,social,0,0,0,0
"4 spare for Coldplay, inbox me.",20,1,0,1.0,0,1,0,1,1,1,social,0,0,0,1
"Selling 2 tickets for Central Cee at O2 Arena. £78 each, Standing. Work came up so can't make it. Paying through the official exchange is fine. Tickets transferred through the Ticketmaster app.",2192,195,0,0.92,0,1,1,0,0,1,official,0,0,0,0
SZA tickets at Wembley Stadium!! Only £60!! I'm ill and can't go. Send it as a gift so there are no fees. Will send after payment.,797,825,1,0.71,0,1,0,0,0,1,social,0,0,0,1
"Got 4 Coldplay tickets for AO Arena I can't use. Standing. £46 each. Can't go anymore. Revolut or bank transfer. Going at a discount, just want them gone to a real fan. Like and comment below and I'll inbox you the details.",507,4,0,0.66,0,1,1,1,0,1,social,0,0,0,1
"Central Cee @ Tottenham Hotspur Stadium, 2 tickets available. Floor standing, paid £156, selling for the same. Can't make the date anymore. PayPal goods and services only.",15,1433,0,1.04,0,1,1,1,0,0,secondary,0,0,0,0
"Last minute 2x Rema at Co-op Live. £30 each. Can't go anymore due to a family emergency. £20 deposit to hold them for you, rest before the show. Also got a couple of presale codes going for £30 each.",33,17,0,0.55,0,1,1,1,0,1,social,0,0,0,1
"Olivia Rodrigo @ Utilita Arena, 1 tickets available. Floor standing. £163 each, face value. Clashes with a wedding. Can do it through the Ticketmaster resale so it's safe for both of us. Happy to show proof of purchase.",1809,284,0,1.09,0,1,1,1,0,1,social,0,0,0,0
Last minute 2x BLACKPINK at Wembley Stadium. £84 each. Can't go anymore due to a family emergency. Crypto or gift cards accepted. I'll email you the PDF tickets once paid. Serious buyers only.,1040,543,1,0.56,0,1,1,0,0,1,none,0,0,0,1
"1x Rema Wembley Stadium. £97 each. Work came up last minute. Pay half now and half when you get them. Tickets sent once paid. 100% legit, can vouch.",1209,689,1,0.81,0,0,-1,1,0,1,social,0,0,0,1
"Spare tickets for Beyonce, AO Arena. £48 each, Floor standing. Moving away that month. Happy to use PayPal G&S so you're covered. Transfer on the official app straight away.",2443,239,0,1.07,0,1,1,1,0,1,official,0,0,0,0
"Olivia Rodrigo tickets going, DM for price.",14,12,0,1.0,0,1,0,1,1,1,social,0,0,0,1
"Rema at AO Arena, Block 369 Row J Seats 6-33, £74 each, Ticketmaster transfer + PayPal G&S.",2192,127,0,1.06,1,1,1,0,0,0,social,0,0,0,0
"Anyone want Stray Kids tickets? AO Arena. Lower tier. £49 each, face value. Clashes with a wedding. Tickets are PDFs by email for this venue. Can do it through the Ticketmaster resale so it's safe for both of us.",12,1018,0,1.09,0,1,1,1,0,0,official,0,0,0,0
"BLACKPINK tickets at Co-op Live!! Standing. £93 each. Can't go anymore due to a family emergency. PayPal isn't working on my account so bank transfer instead. I'll email you the PDF tickets once paid. Loads of people messaging, first to pay gets them.",296,38,0,0.78,0,0,-1,1,0,1,social,0,0,0,1
"Selling 1 for Olivia Rodrigo at face (£66), will send via the official app.",16,673,0,0.94,0,1,1,0,0,1,social,0,0,0,0
"Got 4 Central Cee tickets for Utilita Arena I can't use. Floor standing, paid £68, selling for the same. Clashes with a wedding. Will list them on Twickets so you're protected.",812,13,0,0.97,0,1,1,0,0,1,social,0,0,0,0
"Anyone want Rema tickets? AO Arena. £127 each, Floor standing. Small deposit to hold them and I'll transfer on the app.",2350,1465,1,0.85,0,1,1,0,0,1,unknown_site,0,1,1,1
"Selling my Coldplay tickets cheap, message me for details.",672,2,0,1.0,0,0,-1,1,0,1,secondary,0,0,0,1
"4x SZA AO Arena. £91 each, Block 372 Row C Seats 15-34. PayPal is limited on my account right now so bank transfer instead.",38,25,0,1.0,1,1,0,1,1,1,unknown_site,1,1,0,1
"Selling 1 tickets for Dave at Wembley Stadium. Lower tier, paid £57, selling for the same. Moving away that month. Will list them on Twickets so you're protected. Transfer on the official app straight away.",29,1226,0,1.04,0,1,1,0,0,1,official,0,0,0,0
"Spare Dave ticket tonight, £78 face value, DICE transfer.",371,224,0,0.92,0,1,1,1,0,1,secondary,0,0,0,0
"Got 2 Burna Boy tickets for OVO Arena Wembley I can't use. Floor standing. £82 each, face value. Work came up so can't make it. Happy to transfer on the app, just prefer friends and family to avoid fees.",749,411,1,0.86,0,1,1,1,1,1,social,0,0,0,1
"Anyone want Olivia Rodrigo tickets? Wembley Stadium. Floor standing, paid £112, selling for the same. Friend dropped out. Can do it through the Ticketmaster resale so it's safe for both of us. Transfer on the official app straight away.",1058,241,0,0.93,0,1,1,0,0,1,official,0,0,0,0
"Spare Rema ticket tonight, £48 face value, DICE transfer.",1960,382,0,1.07,0,1,1,0,0,1,none,0,0,0,0
"Anyone want Burna Boy tickets? O2 Arena. Cheap at £54. I'm ill and can't go. Revolut or bank transfer. I'll transfer them after you pay. I'll send you a 6 digit code to check you're real, just send the code back.",11,429,0,0.57,0,1,0,1,0,1,social,0,0,0,1
"Got 3 Rema tickets for OVO Arena Wembley I can't use. £80 each, Block 142 Row H Seats 26-40. Tickets are PDFs by email for this venue. Can do it through the Ticketmaster resale so it's safe for both of us.",2591,549,0,0.94,1,1,1,0,0,0,none,0,0,0,0
"1 x BLACKPINK standing, £69, listing it on Twickets now.",1033,836,0,0.99,0,1,1,0,0,1,official,0,0,0,0
"Selling 1 for Central Cee at face (£77), will send via the official app.",1096,731,0,0.91,0,1,1,1,0,0,social,0,0,0,0
2x Tems Tottenham Hotspur Stadium. £29 each. Can't go anymore due to a family emergency. Crypto or gift cards accepted. Will send after payment. Can send a screenshot of the booking so you know they're real.,853,178,1,1.0,0,1,1,1,0,1,social,0,0,0,1
"Rema @ Wembley Stadium, 1 tickets available. Block 147 Row E Seats 1-37, paid £161, selling for the same. Clashes with a wedding. Will list them on Twickets so you're protected. Tickets transferred through the Ticketmaster app.",26,1416,0,1.07,1,1,1,1,0,1,social,0,0,0,0
"Beyonce @ Utilita Arena, 2 tickets available. Lower tier. £64 each, face value. Friend dropped out. Paying through the official exchange is fine. Can transfer as soon as payment goes through the platform.",45,28,0,1.0,0,1,1,0,1,1,social,0,0,0,0
"Central Cee tickets going, DM for price. Like and comment below and I'll inbox you the details.",18,9,0,1.0,0,-1,-1,1,0,1,social,0,0,0,1
"Spare tickets for Central Cee, Utilita Arena. Floor standing. Selling at what I paid (£67). Work came up so can't make it. Genuine seller btw, check my profile. Happy to show proof of purchase.",42,10,0,0.96,0,1,1,0,0,1,none,0,0,0,0
Got 4 Beyonce tickets for O2 Arena I can't use. £83 each. I'm ill and can't go. Crypto or gift cards accepted. Tickets sent once paid. Few others asking so first come first served.,600,1278,1,0.69,0,1,0,1,0,1,social,0,0,0,1
"Got 2 Dave tickets for Co-op Live I can't use. Standing. £44 each, face value. Friend dropped out. PayPal goods and services only. Tickets transferred through the Ticketmaster app.",701,32,0,0.98,0,1,0,0,0,1,official,0,0,0,0
"Spare tickets for Coldplay, Tottenham Hotspur Stadium. £160 each, Block 268 Row B Seats 18-38. Clashes with a wedding. Paying through the official exchange is fine.",226,809,0,1.07,1,-1,-1,0,0,1,official,0,0,0,0
"SZA @ AO Arena, 2 tickets available. Standing, paid £135, selling for the same. Work came up so can't make it. Can email the PDF tickets over tonight.",12,23,0,0.9,0,0,-1,0,0,1,unknown_site,1,1,0,1
Selling 1 tickets for Rema at Co-op Live. Standing. £75 each. Can't go anymore due to a family emergency. Don't put tickets in the reference or PayPal holds the money. Tickets sent once paid.,2322,220,1,0.79,0,1,1,1,0,1,social,0,0,0,1
"Tickets available, message me.",43,256,0,1.0,0,1,1,1,0,1,social,0,0,0,1
"Spare tickets for Coldplay, Utilita Arena. £52 each. Can't go anymore due to a family emergency. Send it as a gift so there are no fees. I'll transfer them after you pay. Loads of people messaging, first to pay gets them.",43,8,0,0.43,0,1,0,1,0,1,none,0,0,0,0
Got 2 SEVENTEEN tickets for Utilita Arena I can't use. Cheap at £19. Crypto or gift cards accepted. I'll email you the PDF tickets once paid.,2423,854,1,1.0,0,1,0,1,0,1,unknown_site,1,0,0,1
"Selling 1 tickets for SEVENTEEN at Wembley Stadium. £161 each, Lower tier. Moving away that month. Paying through the official exchange is fine. Tickets transferred through the Ticketmaster app.",644,32,0,1.07,0,1,1,0,0,1,secondary,0,0,0,0
"Anyone want Beyonce tickets? AO Arena. Lower tier, paid £57, selling for the same. Friend dropped out. Can do it through the Ticketmaster resale so it's safe for both of us.",1354,1129,0,1.04,0,1,1,1,0,1,social,0,0,0,0
"Got 3 Stray Kids tickets for Wembley Stadium I can't use. Block 269 Row C Seats 22-39. £92 each, face value. Work came up so can't make it. Will list them on Twickets so you're protected.",42,26,0,0.97,1,1,1,1,0,1,social,0,0,0,0
"Spare tickets for Central Cee, Co-op Live. Block 246 Row K Seats 8-33. £64 each, face value. PayPal goods and services only. Tickets transferred through the Ticketmaster app.",54,1362,0,0.91,1,1,1,0,0,1,unknown_site,0,0,0,0
"Got 2 Dave tickets for AO Arena I can't use. Floor standing. £77 each, face value. Work came up so can't make it. They're e-tickets, I'll forward you the PDF.",2608,337,1,1.0,0,1,0,1,0,1,unknown_site,1,1,0,1
"Spare tickets for Olivia Rodrigo, OVO Arena Wembley. Only £87!! Can't go anymore. Can't take PayPal at the moment, bank instead please. Can send screenshots of the tickets. Going at a discount, just want them gone to a real fan.",682,251,0,1.0,0,1,1,1,0,1,social,0,0,0,1
"3x SZA AO Arena. £40 each. Work came up last minute. £20 deposit to hold them for you, rest before the show. I'll email you the PDF tickets once paid.",37,462,0,1.0,0,1,1,1,0,1,social,0,0,0,1
"Anyone want Burna Boy tickets? Co-op Live. Lower tier. Selling at what I paid (£56). Can't go anymore, gutted. PayPal goods and services only. Happy to show proof of purchase.",2922,30,0,1.0,0,-1,-1,0,0,1,secondary,0,0,0,0
"Selling 3 tickets for Tems at Wembley Stadium. Only £43!! Can't go anymore due to a family emergency. Can't take PayPal at the moment, bank instead please. Can send screenshots of the tickets. Need the full amount up front to keep them for you.",36,30,0,0.51,0,1,0,0,0,1,unknown_site,1,0,1,1
"Spare tickets for Rema, Co-op Live. Standing. £21 each. Can't go anymore due to a family emergency. £20 deposit to hold them for you, rest before the show. Will send after payment. Genuine seller, not a scam.",7,103,0,1.0,0,0,-1,1,0,0,social,0,0,0,0
"SEVENTEEN @ Utilita Arena, 3 tickets available. Block 405 Row D Seats 20-32, paid £87, selling for the same. Work came up so can't make it. Can do it through the Ticketmaster resale so it's safe for both of us. Tickets transferred through the Ticketmaster app.",1524,227,0,0.92,1,1,1,0,0,1,secondary,0,0,0,0
Anyone want Stray Kids tickets? Tottenham Hotspur Stadium. Cheap at £51. Work came up last minute. Revolut or bank transfer. I'll transfer them after you pay.,7,16,0,0.54,0,1,1,0,0,0,social,0,0,0,1
"SZA tickets at OVO Arena Wembley!! £61 each. Bank transfer only. Can send screenshots of the tickets. 100% legit, can vouch. Loads of people messaging, first to pay gets them.",36,30,0,0.72,0,1,1,1,0,1,social,0,0,0,1
Got 4 Olivia Rodrigo tickets for Wembley Stadium I can't use. Lower tier. Selling at what I paid (£52). Can send a screenshot of my order confirmation. Happy to show proof of purchase.,2099,40,0,0.95,0,1,1,0,0,0,official,0,0,0,0
"Spare Coldplay ticket tonight, £85 face value, DICE transfer.",27,1110,0,1.0,0,1,1,1,0,1,social,0,0,0,0
Got 4 Beyonce tickets for Utilita Arena I can't use. Cheap at £59. I'm ill and can't go. Send it as a gift so there are no fees. I'll transfer them after you pay. Serious buyers only.,23,503,0,1.0,0,0,-1,1,0,1,none,0,0,0,1
"Got 1 BLACKPINK tickets for Co-op Live I can't use. Lower tier, paid £52, selling for the same. Moving away that month. Paying through the official exchange is fine.",36,1335,0,0.95,0,1,1,1,0,1,secondary,0,0,0,0
"SELLING SZA Co-op Live TICKETS £49 each. Don't put tickets in the reference or PayPal holds the money. Will send after payment. Going at a discount, just want them gone to a real fan.",1589,1381,1,1.0,0,1,0,1,0,1,social,0,0,0,1
"Selling 4 tickets for Olivia Rodrigo at Utilita Arena. Lower tier. £113 each, face value. Can't make the date anymore. Need them gone quick. Transfer on the official app straight away.",37,15,0,0.94,0,1,1,0,0,1,none,0,0,0,0
2x BLACKPINK O2 Arena. Cheap at £57. Can't go anymore. Send it as a gift so there are no fees. Need the full amount up front to keep them for you.,24,15,0,1.0,0,1,0,0,0,1,secondary,0,0,0,1
"Selling 1 for Burna Boy at face (£85), will send via the official app.",2859,40,0,0.89,0,1,1,0,0,1,social,0,0,0,0
Anyone want Stray Kids tickets? OVO Arena Wembley. Lower tier. Selling at what I paid (£58). Bought too many in the presale. Need them gone quick. PayPal goods and services only. Happy to show proof of purchase.,2645,17,0,1.05,0,1,1,1,0,1,none,0,0,0,0
"Central Cee tickets at O2 Arena!! Only £34!! Can't go anymore due to a family emergency. Can't take PayPal at the moment, bank instead please.",43,36,0,1.0,0,1,1,0,0,1,unknown_site,1,0,1,1
"Spare Rema ticket tonight, £80 face value, DICE transfer.",1545,5,1,0.94,0,1,1,0,0,0,social,0,0,0,0
"Got 3 SEVENTEEN tickets for OVO Arena Wembley I can't use. £59 each, Block 175 Row D Seats 11-40. Need them gone quick.",483,31,0,1.07,1,1,1,1,0,0,social,0,0,0,0
"Coldplay @ Utilita Arena, 4 tickets available. Floor standing. £31 each. PayPal isn't working on my account so bank transfer instead. Tickets sent once paid. Need the full amount up front to keep them for you.",25,226,0,1.0,0,-1,-1,1,0,1,social,0,0,0,1
Selling 2 tickets for Coldplay at Co-op Live. Floor standing. Selling at what I paid (£65). Can't make the date anymore. Happy to use PayPal G&S so you're covered. Happy to show proof of purchase.,14,1217,0,0.93,0,1,1,1,0,0,social,0,0,0,0
"Got 4 Stray Kids tickets for Tottenham Hotspur Stadium I can't use. Lower tier, paid £83, selling for the same. Clashes with a wedding. Tickets are PDFs by email for this venue. Happy to show proof of purchase.",230,20,0,0.98,0,1,1,1,0,0,official,0,0,0,0
"Spare tickets for Tems, Tottenham Hotspur Stadium. Standing. Selling at what I paid (£84). Clashes with a wedding. Paying through the official exchange is fine. Transfer on the official app straight away.",1288,729,0,0.99,0,1,1,0,0,1,secondary,0,0,0,0
"Got 1 Rema tickets for Co-op Live I can't use. Floor standing. £84 each, face value. Moving away that month. Can do it through the Ticketmaster resale so it's safe for both of us. Happy to show proof of purchase.",2704,1181,0,0.99,0,1,1,1,0,0,official,0,0,0,0
"Selling 2 tickets for Stray Kids at AO Arena. Block 307 Row C Seats 13-38. £150 each, face value. Work came up so can't make it. Please leave the reference blank, PayPal is funny about tickets.",2614,1190,1,1.0,1,1,0,0,0,1,unknown_site,0,1,0,1
"Coldplay @ Utilita Arena, 2 tickets available. Block 333 Row E Seats 29-34. £142 each, face value. PayPal is limited on my account right now so bank transfer instead.",1253,1359,1,0.95,1,1,1,1,0,1,social,0,0,0,1
"Can't make Rema anymore, 3 tickets going at a discount, PM.",591,220,0,1.0,0,1,0,1,0,1,social,0,0,0,1
"Dave @ Utilita Arena, 2 tickets available. Cheap at £32. Can't go anymore due to a family emergency. Revolut or bank transfer. I'll transfer them after you pay. Payment goes to my cousin's account as mine is restricted at the moment.",39,40,0,0.71,0,1,1,1,0,1,social,0,0,0,1
"Spare tickets for Beyonce, Co-op Live. Block 306 Row F Seats 6-35. Selling at what I paid (£81). Easier to chat on WhatsApp, payment by bank transfer.",1140,405,1,0.95,1,1,1,1,0,1,social,0,0,0,1
"Beyonce @ Utilita Arena, 2 tickets available. £94 each, Lower tier. Friend dropped out. PayPal goods and services only. Transfer on the official app straight away.",2760,806,1,0.99,0,1,1,1,0,1,unknown_site,0,1,0,0
"Got 3 BLACKPINK tickets for Utilita Arena I can't use. Block 399 Row B Seats 2-40. £36 each. Can't go anymore. Send it as a gift so there are no fees. I'll transfer them after you pay. DM me on WhatsApp. Going at a discount, just want them gone to a real fan.",33,38,0,1.0,1,1,1,1,0,1,none,0,0,0,1
Got 4 Burna Boy tickets for Co-op Live I can't use. Standing. Selling at what I paid (£69). Friend dropped out. Can do it through the Ticketmaster resale so it's safe for both of us. Transfer on the official app straight away.,32,758,0,0.99,0,1,1,1,0,1,official,0,0,0,0
"Beyonce @ Tottenham Hotspur Stadium, 2 tickets available. Cheap at £63. PayPal friends and family only. I'll transfer them after you pay. 100% legit, can vouch.",2231,907,1,0.74,0,1,0,1,0,0,social,0,0,0,1
"1 x SZA standing, £130, listing it on Twickets now.",971,631,0,1.08,0,1,1,1,0,1,social,0,0,0,0
"BLACKPINK @ Utilita Arena, 1 tickets available. £30 each. Can't go anymore due to a family emergency. Crypto or gift cards accepted. Can send screenshots of the tickets.",337,3,0,0.67,0,1,1,1,0,1,social,0,0,0,1
"Spare tickets for SZA, Utilita Arena. Lower tier. Selling at what I paid (£124). Clashes with a wedding. Can send a screenshot of my order confirmation. Can do it through the Ticketmaster resale so it's safe for both of us. Transfer on the official app straight away.",938,143,0,1.03,0,1,1,1,0,1,social,0,0,0,0
Selling 2 tickets for Stray Kids at O2 Arena. Lower tier. Selling at what I paid (£47). Bought too many in the presale. Will list them on Twickets so you're protected. Tickets transferred through the Ticketmaster app.,1019,1064,0,1.04,0,1,1,0,0,1,official,0,0,0,0
"Selling 4 tickets for Olivia Rodrigo at Utilita Arena. Standing, paid £70, selling for the same. Small deposit to hold them and I'll transfer on the app.",2,210,0,1.0,0,1,0,0,0,1,none,0,0,0,1
Selling 1 tickets for Tems at O2 Arena. £71 each. Work came up last minute. Pay half now and half when you get them. Tickets sent once paid. DM me on WhatsApp.,1140,235,1,1.0,0,0,-1,1,0,1,social,0,0,0,1
"Anyone want Rema tickets? Tottenham Hotspur Stadium. £137 each, Floor standing. Can't make the date anymore. Paying through the official exchange is fine. Happy to show proof of purchase.",34,1178,0,0.91,0,1,1,0,0,1,social,0,0,0,0
"Spare tickets for Dave, AO Arena. Block 306 Row J Seats 17-37. £94 each, face value. Clashes with a wedding. Will list them on Twickets so you're protected. Tickets transferred through the Ticketmaster app.",1558,19,0,0.99,1,1,1,0,0,1,secondary,0,0,0,0
Coldplay tickets at Tottenham Hotspur Stadium!! Standing. £25 each. Work came up last minute. Send it as a gift so there are no fees. Can send a screenshot of the booking so you know they're real.,858,22,0,1.0,0,0,-1,1,0,1,social,0,0,0,1
Anyone want SZA tickets? Wembley Stadium. Lower tier. Selling at what I paid (£50). Friend dropped out. Need them gone quick. Can transfer as soon as payment goes through the platform.,1671,182,0,0.91,0,1,1,1,0,0,none,0,0,0,0
"Anyone want Burna Boy tickets? Tottenham Hotspur Stadium. Block 378 Row A Seats 17-31. £79 each, face value. Clashes with a wedding. Happy to use PayPal G&S so you're covered. Can transfer as soon as payment goes through the platform.",2179,1189,0,0.93,1,-1,-1,0,0,0,official,0,0,0,0
"Can't make BLACKPINK anymore, 1 tickets going at a discount, PM.",2228,305,1,1.0,0,1,0,1,0,1,social,0,0,0,0
"Spare tickets for Coldplay, Utilita Arena. Lower tier. £116 each, face value. Clashes with a wedding. Will list them on Twickets so you're protected. Tickets transferred through the Ticketmaster app.",1123,1131,0,0.97,0,-1,-1,1,0,1,social,0,0,0,0
"3x Dave Wembley Stadium. Standing, paid £89, selling for the same. Friend dropped out. Genuine seller btw, check my profile. Happy to show proof of purchase.",37,393,0,0.94,0,1,1,0,0,1,social,0,0,0,0
"Got 2 Rema tickets for OVO Arena Wembley I can't use. Floor standing. £92 each, face value. Bought too many in the presale. Paying through the official exchange is fine. Transfer on the official app straight away.",2682,911,0,1.0,0,1,1,0,0,1,social,0,0,0,0
Selling 2 tickets for Beyonce at Wembley Stadium. Block 160 Row D Seats 24-39. Selling at what I paid (£98). Work came up so can't make it. PayPal goods and services only. Can transfer as soon as payment goes through the platform.,519,344,0,1.03,1,1,1,1,0,0,social,0,0,0,1
"Got 4 Burna Boy tickets for Utilita Arena I can't use. Block 275 Row G Seats 28-39. £52 each, face value. Bought too many in the presale. Please leave the reference blank, PayPal is funny about tickets.",43,559,0,1.0,1,-1,-1,1,0,1,social,0,0,0,1
"Spare tickets for Tems, O2 Arena. Floor standing. Selling at what I paid (£114). Friend dropped out. Can do it through the Ticketmaster resale so it's safe for both of us.",431,686,0,0.95,0,1,1,1,0,1,social,0,0,0,0
"Selling 4 tickets for SEVENTEEN at Tottenham Hotspur Stadium. Block 172 Row J Seats 7-35. £143 each, face value. Moving away that month. Happy to use PayPal G&S so you're covered.",808,557,0,0.95,1,1,1,1,0,1,social,0,0,0,0
"1x SEVENTEEN AO Arena. Block 192 Row B Seats 7-33, paid £85, selling for the same. Happy to transfer on the app, just prefer friends and family to avoid fees.",37,30,0,1.0,1,1,1,1,0,1,social,0,0,0,1
"Selling 1 tickets for Rema at Utilita Arena. Block 316 Row D Seats 7-34, paid £103, selling for the same. Can't make the date anymore. Can send a screenshot of my order confirmation. PayPal goods and services only.",801,5,0,1.08,1,1,1,0,0,1,social,0,0,0,0
"Got 1 BLACKPINK tickets for Utilita Arena I can't use. Standing, paid £79, selling for the same. Bought too many in the presale. PayPal goods and services only. Can transfer as soon as payment goes through the platform.",1212,797,0,0.93,0,1,1,1,0,1,official,0,0,0,0
"Selling 4 tickets for SEVENTEEN at Utilita Arena. Block 226 Row D Seats 5-32, paid £47, selling for the same. Can't make the date anymore. Paying through the official exchange is fine. Can transfer as soon as payment goes through the platform.",1931,418,0,1.04,1,1,1,0,0,1,social,0,0,0,0
"Got tickets going for Rema tonight, pm for info.",6,6,0,1.0,0,1,1,1,0,1,social,0,0,0,1
"Spare Burna Boy ticket tonight, £73 face value, DICE transfer.",27,1114,0,1.04,0,1,1,1,0,1,official,0,0,0,0
"Selling 3 tickets for Rema at Wembley Stadium. Block 108 Row F Seats 29-36. Selling at what I paid (£105). Friend dropped out. Easier to chat on WhatsApp, payment by bank transfer.",633,5,0,0.88,1,0,-1,1,1,0,unknown_site,1,1,0,1
"Selling my Stray Kids tickets cheap, message me for details.",578,3,0,1.0,0,1,1,1,0,1,social,0,0,0,1
"Got 1 Dave tickets for Utilita Arena I can't use. Floor standing. Selling at what I paid (£64). Can't go anymore, gutted. Need them gone quick. Paying through the official exchange is fine. Transfer on the official app straight away.",1979,1095,0,0.91,0,1,1,0,0,1,social,0,0,0,0
"Rema @ Tottenham Hotspur Stadium, 1 tickets available. £34 each. Work came up last minute. PayPal friends and family only. I'll email you the PDF tickets once paid. Genuine seller, not a scam.",206,1,0,0.4,0,1,1,0,0,1,social,0,0,0,1
"SEVENTEEN @ Co-op Live, 2 tickets available. £100 each, Block 191 Row K Seats 6-33. Moving away that month. Paying through the official exchange is fine.",746,24,0,1.05,1,1,1,0,0,1,official,0,0,0,0
"Spare tickets for Stray Kids, Co-op Live. Standing, paid £85, selling for the same. Moving away that month. PayPal goods and services only. Transfer on the official app straight away.",45,36,0,1.0,0,1,1,0,0,0,social,0,0,0,0
"Anyone want Rema tickets? Utilita Arena. Block 102 Row B Seats 9-31. £38 each. Can't go anymore due to a family emergency. Can't take PayPal at the moment, bank instead please. I'll transfer them after you pay. Payment goes to my cousin's account as mine is restricted at the moment. Won't last!!",20,12,0,0.54,1,-1,-1,1,0,1,social,0,0,0,1
Got 2 SZA tickets for Co-op Live I can't use. Standing. £60 each. I'm ill and can't go. Send it as a gift so there are no fees. Serious buyers only.,12,20,0,1.0,0,1,0,1,0,1,none,0,0,0,1
"Spare tickets for Dave, Utilita Arena. £126 each, Standing. Moving away that month. Tickets are PDFs by email for this venue.",1480,257,0,1.0,0,1,1,1,0,0,social,0,0,0,0
"Spare Stray Kids ticket tonight, £59 face value, DICE transfer.",2809,300,0,1.07,0,1,1,1,0,1,official,0,0,0,0
"Last minute 1x BLACKPINK at Co-op Live. £30 each. £20 deposit to hold them for you, rest before the show. I'll transfer them after you pay.",836,31,0,1.0,0,1,1,1,0,1,unknown_site,0,1,0,1
"Anyone want SZA tickets? Utilita Arena. £83 each, Block 260 Row F Seats 6-31. Clashes with a wedding. Happy to use PayPal G&S so you're covered. Happy to show proof of purchase.",12,1321,0,0.98,1,1,1,1,0,1,none,0,0,0,1
"Spare tickets for Tems, Wembley Stadium. Only £24!! Work came up last minute. Send it as a gift so there are no fees. Loads of people messaging, first to pay gets them.",37,31,0,1.0,0,1,1,1,0,1,secondary,0,0,0,1
"Selling my Coldplay tickets cheap, message me for details.",2493,340,1,1.0,0,1,0,1,1,1,none,0,0,0,1
"BLACKPINK tickets going, DM for price.",17,20,0,1.0,0,1,1,0,0,1,social,0,0,0,1
Selling 3 tickets for Rema at O2 Arena. Lower tier. £67 each. I'm ill and can't go. Revolut or bank transfer. I'll transfer them after you pay. Need the full amount up front to keep them for you.,42,19,0,1.0,0,-1,-1,0,0,1,social,0,0,0,1
"Selling 2 tickets for Coldplay at Tottenham Hotspur Stadium. £88 each, Lower tier. Work came up so can't make it. Can send a screenshot of my order confirmation. PayPal goods and services only. Can transfer as soon as payment goes through the platform.",1737,1431,0,1.04,0,1,1,1,0,1,social,0,0,0,0
Got 4 Tems tickets for Wembley Stadium I can't use. £69 each. I'm ill and can't go. Bank transfer only. Can send screenshots of the tickets. Message me on Telegram.,7,25,0,0.73,0,1,1,1,0,1,social,0,0,0,1
"Got 3 SEVENTEEN tickets for AO Arena I can't use. £48 each, Block 371 Row A Seats 11-31. Bought too many in the presale. Genuine seller btw, check my profile. Tickets transferred through the Ticketmaster app.",33,310,0,1.07,1,1,1,0,0,1,social,0,0,0,0
"1 tickets for SZA, £58, AXS transfer, paypal goods and services.",1185,35,0,1.05,0,1,1,1,0,1,official,0,0,0,0
Got 2 Coldplay tickets for AO Arena I can't use. Block 285 Row B Seats 17-39. Selling at what I paid (£45). Friend dropped out. Will list them on Twickets so you're protected. Happy to show proof of purchase.,746,16,0,1.0,1,1,1,0,0,1,social,0,0,0,0
"Spare Coldplay ticket tonight, £49 face value, DICE transfer.",2812,1445,0,0.89,0,1,1,0,0,1,social,0,0,0,0
"Got 1 Dave tickets for Tottenham Hotspur Stadium I can't use. Block 420 Row B Seats 28-33. £87 each, face value. Clashes with a wedding. Tickets are PDFs by email for this venue. Happy to show proof of purchase.",1064,1334,0,1.02,1,1,1,1,0,0,social,0,0,0,0
"Spare tickets for BLACKPINK, O2 Arena. Lower tier. Selling at what I paid (£47). Can't go anymore, gutted. Paying through the official exchange is fine. Happy to show proof of purchase.",754,31,0,1.0,0,1,1,1,0,0,social,0,0,0,0
"Selling my Rema tickets cheap, message me for details.",2179,1119,1,1.0,0,1,1,1,0,1,social,0,0,0,1
"4x Stray Kids OVO Arena Wembley. £40 each, Floor standing. Clashes with a wedding. They're e-tickets, I'll forward you the PDF.",441,22,0,1.0,0,1,1,1,1,1,secondary,0,0,0,1
"2x Dave Wembley Stadium. Floor standing, paid £86, selling for the same. Happy to use PayPal G&S so you're covered. Can transfer as soon as payment goes through the platform.",2051,1280,0,0.91,0,1,1,1,0,1,official,0,0,0,0
"Selling 1 tickets for Central Cee at Utilita Arena. Block 203 Row E Seats 11-35, paid £84, selling for the same. Can't make the date anymore. Happy to use PayPal G&S so you're covered. Transfer on the official app straight away.",353,1334,0,0.99,1,1,1,0,0,0,social,0,0,0,0
"Have 2 for AO Arena, hit me up if interested. Can send a screenshot of the booking so you know they're real.",211,38,0,1.0,0,1,0,1,0,0,social,0,0,0,1
"Can't make Central Cee anymore, 2 tickets going at a discount, PM.",2528,833,1,1.0,0,1,1,1,0,1,social,0,0,0,1
Got 3 Coldplay tickets for O2 Arena I can't use. Standing. Selling at what I paid (£116). Happy to use PayPal G&S so you're covered. Tickets transferred through the Ticketmaster app.,2540,346,0,0.97,0,1,1,1,0,0,secondary,0,0,0,0
SELLING SEVENTEEN Co-op Live TICKETS £110 each. I'm ill and can't go. Send it as a gift so there are no fees. I'll email you the PDF tickets once paid.,544,262,0,1.0,0,1,1,0,1,0,unknown_site,0,1,1,1
"4 spare for Tems, inbox me.",1336,245,1,1.0,0,0,-1,1,1,1,social,0,0,0,1
"1x Olivia Rodrigo Tottenham Hotspur Stadium. Standing. £25 each. Can't go anymore due to a family emergency. Revolut or bank transfer. I'll transfer them after you pay. Genuine seller, not a scam.",26,17,0,0.36,0,1,1,0,0,1,social,0,0,0,1
"3x Burna Boy OVO Arena Wembley. Cheap at £30. Can't go anymore. PayPal isn't working on my account so bank transfer instead. Will send after payment. Genuine seller, not a scam.",3,211,0,0.35,0,0,-1,1,0,1,unknown_site,0,1,1,1
"Got 1 Rema tickets for Utilita Arena I can't use. £126 each, Lower tier. Friend dropped out. PayPal goods and services only. Happy to show proof of purchase.",2471,24,0,1.05,0,1,1,0,0,0,secondary,0,0,0,0
Got 3 Tems tickets for Tottenham Hotspur Stadium I can't use. Floor standing. Selling at what I paid (£52). Friend dropped out. Tickets are PDFs by email for this venue.,1043,32,0,0.95,0,1,1,0,0,0,social,0,0,0,0
Central Cee tickets at Tottenham Hotspur Stadium!! Cheap at £37. Don't put tickets in the reference or PayPal holds the money. Will send after payment. Need the full amount up front to keep them for you. DM me on WhatsApp.,1636,1015,1,0.39,0,1,0,1,0,1,secondary,0,0,0,1
Last minute 1x Beyonce at OVO Arena Wembley. Only £70!! Can't go anymore due to a family emergency. Bank transfer only.,1272,779,1,1.0,0,1,1,0,0,1,social,0,0,0,1
Who wants Olivia Rodrigo tickets?? Message me x,32,27,0,1.0,0,0,-1,1,0,1,social,0,0,0,1
"BLACKPINK @ O2 Arena, 2 tickets available. £156 each, Standing. Can do it through the Ticketmaster resale so it's safe for both of us. Tickets transferred through the Ticketmaster app.",1436,6,0,1.04,0,1,1,0,0,1,official,0,0,0,0
"Spare tickets for Central Cee, Wembley Stadium. £56 each, Block 221 Row B Seats 10-40. Friend dropped out. Happy to use PayPal G&S so you're covered. Happy to show proof of purchase.",2824,375,0,1.0,1,1,1,1,0,1,social,0,0,0,0
"Anyone want SZA tickets? OVO Arena Wembley. Lower tier, paid £127, selling for the same. Can email the PDF tickets over tonight.",1397,1030,1,1.0,0,1,1,1,0,1,secondary,0,0,0,1
"Spare tickets for Dave, O2 Arena. Floor standing. £82 each, face value. Can't go anymore, gutted. They're e-tickets, I'll forward you the PDF.",6,372,0,1.0,0,1,1,1,0,1,unknown_site,0,1,1,1
"BLACKPINK @ Wembley Stadium, 2 tickets available. Standing, paid £112, selling for the same. Happy to use PayPal G&S so you're covered. Transfer on the official app straight away.",46,31,0,0.93,0,1,1,0,0,1,social,0,0,0,0
"Can't make Olivia Rodrigo anymore, 4 tickets going at a discount, PM. Few others asking so first come first served.",2023,1139,1,1.0,0,1,1,1,0,1,social,0,0,0,1
"2x BLACKPINK OVO Arena Wembley. Cheap at £116. Don't put tickets in the reference or PayPal holds the money. Can send screenshots of the tickets. Genuine seller, not a scam.",2517,1349,1,1.0,0,0,-1,1,0,1,secondary,0,0,0,1
"Stray Kids @ Wembley Stadium, 2 tickets available. Only £38!! Work came up last minute. Bank transfer only. Tickets sent once paid. Like and comment below and I'll inbox you the details. Also got a couple of presale codes going for £30 each.",10,39,0,0.54,0,1,1,1,0,1,social,0,0,0,0
"4 spare for Central Cee, inbox me.",14,21,0,1.0,0,1,1,1,0,1,social,0,0,0,1
"Tems @ AO Arena, 2 tickets available. Cheap at £76. I'm ill and can't go. Can't take PayPal at the moment, bank instead please.",651,599,0,1.0,0,1,1,0,0,1,social,0,0,0,1
"Spare Coldplay ticket tonight, £110 face value, DICE transfer.",417,1251,0,0.92,0,1,1,1,0,1,none,0,0,0,0
"Burna Boy at Wembley Stadium, Lower tier, £48 each, Ticketmaster transfer + PayPal G&S.",338,873,0,1.07,0,1,1,0,0,1,social,0,0,0,0
Anyone need SEVENTEEN tickets? DM. Message me on Telegram.,34,29,0,1.0,0,1,1,1,0,0,social,0,0,0,1
"Dave @ Co-op Live, 1 tickets available. £117 each, Lower tier. Friend dropped out. PayPal goods and services only. Happy to show proof of purchase.",2215,8,0,0.97,0,-1,-1,0,0,1,secondary,0,0,0,0
"Have 1 for O2 Arena, hit me up if interested. DM me on WhatsApp.",15,267,0,1.0,0,1,1,1,0,1,social,0,0,0,1
"Got 4 SZA tickets for OVO Arena Wembley I can't use. Floor standing. £55 each, face value. Bought too many in the presale. Happy to use PayPal G&S so you're covered. Tickets transferred through the Ticketmaster app.",2214,981,0,1.0,0,1,1,0,0,1,social,0,0,0,0
"Spare tickets for Olivia Rodrigo, Tottenham Hotspur Stadium. £17 each. Can't go anymore due to a family emergency. Pay half now and half when you get them. Will send after payment. Also got a couple of presale codes going for £30 each. Like and comment below and I'll inbox you the details.",2,17,0,1.0,0,1,1,1,0,0,social,0,0,0,1
"4 tickets for Beyonce, £86, AXS transfer, paypal goods and services.",419,925,0,0.91,0,1,1,1,0,1,social,0,0,0,0
"Spare tickets for Dave, AO Arena. £82 each, Standing. Clashes with a wedding. Can do it through the Ticketmaster resale so it's safe for both of us. Transfer on the official app straight away.",1405,727,0,0.96,0,1,1,0,0,1,secondary,0,0,0,0
Got 2 Coldplay tickets for Tottenham Hotspur Stadium I can't use. Lower tier. Selling at what I paid (£50). Clashes with a wedding. Paying through the official exchange is fine. Can transfer as soon as payment goes through the platform.,2560,1263,0,0.91,0,1,1,1,0,1,social,0,0,0,0
"Anyone want SZA tickets? O2 Arena. Standing, paid £61, selling for the same. PayPal is limited on my account right now so bank transfer instead.",10,346,0,1.0,0,1,1,0,0,1,official,0,0,0,1
"Selling 1 for Central Cee at face (£90), will send via the official app.",1298,23,0,0.95,0,1,1,1,0,1,social,0,0,0,0
"2 spare for Beyonce, inbox me.",2936,513,1,1.0,0,0,-1,1,0,1,social,0,0,0,1
"Spare tickets for SZA, Wembley Stadium. Block 376 Row D Seats 12-37. £103 each, face value. Friend dropped out. Can do it through the Ticketmaster resale so it's safe for both of us. Happy to show proof of purchase.",49,716,0,1.08,1,1,1,0,0,1,secondary,0,0,0,0
"Spare tickets for Stray Kids, O2 Arena. £92 each, Block 424 Row B Seats 15-33. Bought too many in the presale. Bank transfer is easiest for me but can do PayPal. Will list them on Twickets so you're protected. Transfer on the official app straight away.",794,752,0,0.97,1,1,1,0,0,1,social,0,0,0,0
"Selling 1 for BLACKPINK at face (£117), will send via the official app.",295,515,0,0.97,0,1,1,1,0,1,social,0,0,0,0
"Got 1 SEVENTEEN tickets for Utilita Arena I can't use. Floor standing, paid £46, selling for the same. Work came up so can't make it. Paying through the official exchange is fine. Transfer on the official app straight away.",1294,711,0,1.02,0,1,1,1,0,1,none,0,0,0,0
"Olivia Rodrigo @ AO Arena, 3 tickets available. Lower tier. £46 each. Don't put tickets in the reference or PayPal holds the money. Can send screenshots of the tickets. Also got a couple of presale codes going for £30 each. Can send a screenshot of the booking so you know they're real.",25,319,0,0.84,0,1,1,0,0,1,none,0,0,0,1
"Got 4 Coldplay tickets for Wembley Stadium I can't use. £94 each, Standing. Moving away that month. Can do it through the Ticketmaster resale so it's safe for both of us. Happy to show proof of purchase.",17,25,0,0.99,0,1,1,1,0,1,social,0,0,0,0
Selling 2 tickets for BLACKPINK at Co-op Live. Lower tier. Selling at what I paid (£96). Moving away that month. Can do it through the Ticketmaster resale so it's safe for both of us. Happy to show proof of purchase.,560,30,0,1.01,0,0,-1,0,0,1,social,0,0,0,0
"3x Tems Utilita Arena. £36 each. Work came up last minute. Don't put tickets in the reference or PayPal holds the money. I'll email you the PDF tickets once paid. I'll send you a 6 digit code to check you're real, just send the code back.",294,148,0,0.8,0,0,-1,1,0,1,social,0,0,0,1
"Spare tickets for SEVENTEEN, Co-op Live. Floor standing. £66 each, face value. Bought too many in the presale. Can send a screenshot of my order confirmation. Can transfer as soon as payment goes through the platform.",2843,37,0,1.0,0,1,1,1,0,1,social,0,0,0,0
"2x Beyonce O2 Arena. Standing, paid £138, selling for the same. Clashes with a wedding. Need them gone quick. Tickets transferred through the Ticketmaster app.",2244,940,0,0.92,0,1,1,0,0,0,social,0,0,0,0
"Got 2 Olivia Rodrigo tickets for Utilita Arena I can't use. Standing. £41 each, face value. Work came up so can't make it. PayPal is limited on my account right now so bank transfer instead.",669,274,0,1.0,0,1,1,1,0,1,social,0,0,0,1
Last minute 2x Olivia Rodrigo at AO Arena. Floor standing. £29 each. Can't go anymore. Crypto or gift cards accepted. Won't last!! Serious buyers only.,15,31,0,0.64,0,1,1,1,0,1,none,0,0,0,1
"Got 2 Beyonce tickets for Utilita Arena I can't use. Floor standing, paid £127, selling for the same. Can't go anymore, gutted. Tickets are PDFs by email for this venue. Tickets transferred through the Ticketmaster app.",1124,872,0,1.06,0,1,1,0,0,0,social,0,0,0,0
"Got 3 Coldplay tickets for Tottenham Hotspur Stadium I can't use. Standing. £57 each, face value. Clashes with a wedding. Small deposit to hold them and I'll transfer on the app.",505,401,0,1.04,0,1,0,0,0,1,secondary,0,0,0,1
"Anyone want Tems tickets? Wembley Stadium. Block 239 Row F Seats 28-32. Selling at what I paid (£41). Can't go anymore, gutted. Can do it through the Ticketmaster resale so it's safe for both of us.",2496,724,0,0.91,1,1,1,1,0,1,official,0,0,0,0
"Tems @ OVO Arena Wembley, 2 tickets available. Standing, paid £164, selling for the same. PayPal goods and services only. Can transfer as soon as payment goes through the platform.",2321,894,0,1.09,0,-1,-1,0,0,0,social,0,0,0,0
Selling 4 tickets for Burna Boy at Tottenham Hotspur Stadium. Standing. £33 each. Can't go anymore due to a family emergency. PayPal isn't working on my account so bank transfer instead. Will send after payment. Few others asking so first come first served.,24,1,0,1.0,0,1,1,1,1,1,social,0,0,0,1
"Beyonce at Wembley Stadium, Floor standing, £95 each, Ticketmaster transfer + PayPal G&S.",38,841,0,1.0,0,1,1,1,0,1,social,0,0,0,0
"Spare tickets for Rema, AO Arena. £59 each, Floor standing. Can't go anymore, gutted. Need them gone quick. Transfer on the official app straight away.",663,396,0,1.07,0,1,1,1,0,1,social,0,0,0,0
"Tems @ Utilita Arena, 2 tickets available. Lower tier. £122 each, face value. Work came up so can't make it. Can do it through the Ticketmaster resale so it's safe for both of us.",1339,1417,0,1.02,0,1,1,1,0,1,secondary,0,0,0,0
"Anyone want Burna Boy tickets? OVO Arena Wembley. £63 each. Crypto or gift cards accepted. I'll transfer them after you pay. I'll send you a 6 digit code to check you're real, just send the code back. DM me on WhatsApp.",1007,1427,1,0.74,0,1,1,1,0,0,social,0,0,0,1
"Anyone want Rema tickets? Tottenham Hotspur Stadium. Block 339 Row J Seats 3-39. £158 each, face value. Friend dropped out. Will list them on Twickets so you're protected. Tickets transferred through the Ticketmaster app.",1924,7,0,1.05,1,1,1,0,0,1,secondary,0,0,0,0
"Spare SEVENTEEN ticket tonight, £51 face value, DICE transfer.",2402,34,0,0.93,0,1,1,0,0,1,none,0,0,0,0
Selling 2 tickets for Burna Boy at Utilita Arena. Only £44!! Work came up last minute. Revolut or bank transfer. I'll email you the PDF tickets once paid. Can send a screenshot of the booking so you know they're real. Few others asking so first come first served.,44,154,0,1.0,0,1,1,1,0,1,social,0,0,0,1
"Spare tickets for SEVENTEEN, Tottenham Hotspur Stadium. Lower tier. Selling at what I paid (£46). Bought too many in the presale. Will list them on Twickets so you're protected. Transfer on the official app straight away.",1419,749,0,1.02,0,1,1,0,0,1,social,0,0,0,0
SELLING Central Cee Co-op Live TICKETS Only £32!! Work came up last minute. Crypto or gift cards accepted. I'll email you the PDF tickets once paid.,30,366,0,0.58,0,0,-1,1,0,1,social,0,0,0,1
"Anyone want SZA tickets? OVO Arena Wembley. £103 each, Block 278 Row H Seats 23-37. Clashes with a wedding. Will list them on Twickets so you're protected.",51,15,0,1.08,1,1,1,1,0,1,official,0,0,0,0
"Selling 2 tickets for Beyonce at OVO Arena Wembley. £72 each, Standing. Genuine seller btw, check my profile. Happy to use PayPal G&S so you're covered. Can transfer as soon as payment goes through the platform.",2997,28,0,1.0,0,1,1,1,0,1,social,0,0,0,0
"2x Tems Tottenham Hotspur Stadium. £135 each, Block 179 Row D Seats 5-38. Work came up so can't make it. PayPal goods and services only. Transfer on the official app straight away.",35,506,0,1.0,1,1,1,0,0,1,social,0,0,0,0
SEVENTEEN tickets at OVO Arena Wembley!! Cheap at £47. Can't go anymore. Don't put tickets in the reference or PayPal holds the money. Can send screenshots of the tickets. Like and comment below and I'll inbox you the details.,962,1225,1,1.0,0,1,1,1,1,1,social,0,0,0,1
"Spare Tems ticket tonight, £149 face value, DICE transfer.",2271,714,0,0.99,0,1,1,0,0,1,social,0,0,0,0
"2x SEVENTEEN OVO Arena Wembley. Floor standing, paid £89, selling for the same. Clashes with a wedding. Genuine seller btw, check my profile. Happy to show proof of purchase.",1899,569,0,1.05,0,1,1,0,0,1,social,0,0,0,0
"1 spare for Coldplay, inbox me.",896,114,0,1.0,0,1,1,1,0,1,social,0,0,0,1
Anyone need Burna Boy tickets? DM.,361,34,0,1.0,0,1,1,1,0,1,social,0,0,0,1
"Spare Stray Kids tix, send me a message.",26,8,0,1.0,0,1,1,1,0,1,social,0,0,0,1
"Spare tickets for SEVENTEEN, Wembley Stadium. £43 each, Floor standing. Paying through the official exchange is fine. Happy to show proof of purchase.",807,15,0,0.96,0,1,1,1,0,0,social,0,0,0,0
Got 2 Tems tickets for Utilita Arena I can't use. Block 368 Row F Seats 23-32. Selling at what I paid (£143). Clashes with a wedding. Can do it through the Ticketmaster resale so it's safe for both of us. Transfer on the official app straight away.,2611,1036,0,0.95,1,1,0,0,0,1,social,0,0,0,0
Anyone need Tems tickets? DM.,446,21,0,1.0,0,0,-1,1,1,1,social,0,0,0,1
"2x Coldplay Tottenham Hotspur Stadium. £66 each. Can't go anymore due to a family emergency. £20 deposit to hold them for you, rest before the show. I'll send you a 6 digit code to check you're real, just send the code back.",22,27,0,1.0,0,1,0,0,0,1,unknown_site,0,1,0,1
"Spare tickets for Stray Kids, Tottenham Hotspur Stadium. Standing. £85 each, face value. Clashes with a wedding. Can do it through the Ticketmaster resale so it's safe for both of us. Transfer on the official app straight away.",11,14,0,1.0,0,1,1,0,0,1,official,0,0,0,0
"Selling 2 tickets for Coldplay at O2 Arena. £51 each, Standing. PayPal goods and services only. Tickets transferred through the Ticketmaster app.",2933,14,0,0.93,0,1,1,1,0,1,secondary,0,0,0,0
"SZA @ OVO Arena Wembley, 4 tickets available. Lower tier, paid £78, selling for the same. Work came up so can't make it. Tickets are PDFs by email for this venue. Happy to show proof of purchase.",50,413,0,0.92,0,1,0,0,0,0,social,0,0,0,0
Central Cee tickets at AO Arena!! Cheap at £62. Pay half now and half when you get them. I'll transfer them after you pay. Serious buyers only.,1753,1307,1,0.65,0,0,-1,1,0,1,social,0,0,0,1
1x Rema Co-op Live. £47 each. Can't go anymore. Don't put tickets in the reference or PayPal holds the money. Can send screenshots of the tickets. DM me on WhatsApp.,16,10,0,0.67,0,0,-1,0,0,1,unknown_site,0,1,1,1
"Selling 4 tickets for Central Cee at Utilita Arena. £45 each, Block 152 Row C Seats 3-32. PayPal is limited on my account right now so bank transfer instead.",43,116,0,1.0,1,1,1,1,0,1,social,0,0,0,1
Anyone want SEVENTEEN tickets? OVO Arena Wembley. Only £118!! Can't go anymore. Crypto or gift cards accepted. Can send screenshots of the tickets. Can send a screenshot of the booking so you know they're real.,700,591,0,0.79,0,1,0,1,0,1,none,0,0,0,1
"Got 2 Rema tickets for Co-op Live I can't use. £120 each, Lower tier. PayPal is limited on my account right now so bank transfer instead.",38,0,0,1.0,0,1,0,1,0,1,social,0,0,0,1
"Stray Kids @ OVO Arena Wembley, 3 tickets available. Lower tier, paid £88, selling for the same. Happy to transfer on the app, just prefer friends and family to avoid fees.",38,11,0,1.0,0,0,-1,1,0,1,social,0,0,0,1
"Selling 2 tickets for Rema at Utilita Arena. Block 402 Row D Seats 1-32. £96 each, face value. Friend dropped out. Happy to use PayPal G&S so you're covered. Can transfer as soon as payment goes through the platform.",1965,8,0,1.01,1,1,1,1,0,1,official,0,0,0,0
"Stray Kids tickets going, DM for price. Few others asking so first come first served.",25,221,0,1.0,0,1,1,1,0,1,social,0,0,0,1
Anyone want Rema tickets? O2 Arena. Standing. Selling at what I paid (£86). Friend dropped out. PayPal goods and services only. Can transfer as soon as payment goes through the platform.,11,20,0,1.0,0,1,1,0,0,1,social,0,0,0,0
Anyone want SEVENTEEN tickets? Tottenham Hotspur Stadium. Cheap at £56. Can't go anymore due to a family emergency. Don't put tickets in the reference or PayPal holds the money. Tickets sent once paid. Message me on Telegram.,38,545,0,1.0,0,1,1,0,0,1,official,0,0,0,1
"Spare tickets for Beyonce, Co-op Live. Cheap at £120. Can't go anymore. PayPal isn't working on my account so bank transfer instead. Can send screenshots of the tickets. DM me on WhatsApp.",134,21,0,1.0,0,1,1,1,0,1,unknown_site,1,1,1,1
"Anyone want SZA tickets? Wembley Stadium. £40 each, Block 387 Row F Seats 4-35. Moving away that month. Paying through the official exchange is fine. Transfer on the official app straight away.",1908,1472,0,0.89,1,0,-1,1,0,1,secondary,0,0,0,0
Anyone want Beyonce tickets? OVO Arena Wembley. Lower tier. Selling at what I paid (£58). Will list them on Twickets so you're protected. Transfer on the official app straight away.,1233,1204,0,1.05,0,1,1,0,0,1,official,0,0,0,0
"Spare tickets for Central Cee, OVO Arena Wembley. Floor standing. Selling at what I paid (£140). PayPal goods and services only. Happy to show proof of purchase.",52,37,0,0.93,0,1,1,1,0,1,official,0,0,0,0
Anyone need Rema tickets? DM.,559,182,0,1.0,0,1,1,1,0,1,social,0,0,0,1
"Tickets available, message me.",2805,747,1,1.0,0,0,-1,1,0,1,none,0,0,0,1
"Selling 2 tickets for Olivia Rodrigo at Utilita Arena. £43 each, Block 406 Row H Seats 17-35. Bought too many in the presale. Can do it through the Ticketmaster resale so it's safe for both of us. Tickets transferred through the Ticketmaster app.",50,507,0,0.96,1,1,1,0,0,1,official,0,0,0,0
"Spare tickets for Tems, Wembley Stadium. Standing. £27 each. Work came up last minute. Bank transfer only. I'll email you the PDF tickets once paid. Won't last!!",625,32,0,1.0,0,1,0,1,1,1,social,0,0,0,1
"Anyone want Coldplay tickets? O2 Arena. Standing. £45 each. Work came up last minute. Can't take PayPal at the moment, bank instead please. Tickets sent once paid. Loads of people messaging, first to pay gets them. Serious buyers only.",15,29,0,1.0,0,1,1,1,0,1,social,0,0,0,1
"Stray Kids at O2 Arena, Lower tier, £88 each, Ticketmaster transfer + PayPal G&S.",703,1260,0,0.93,0,1,1,0,0,1,none,0,0,0,0
Anyone want BLACKPINK tickets? Utilita Arena. Only £67!! Work came up last minute. Revolut or bank transfer. Tickets sent once paid. Need the full amount up front to keep them for you.,2677,780,1,0.79,0,1,0,1,0,1,social,0,0,0,1
4x BLACKPINK Co-op Live. Only £20!! I'm ill and can't go. Bank transfer only. I'll email you the PDF tickets once paid. Need the full amount up front to keep them for you. Few others asking so first come first served.,32,22,0,0.44,0,1,1,1,0,1,social,0,0,0,1
Anyone need Central Cee tickets? DM.,104,10,0,1.0,0,1,1,1,0,1,social,0,0,0,1
"3x BLACKPINK OVO Arena Wembley. Standing. £111 each, face value. Bought too many in the presale. Tickets are PDFs by email for this venue. Transfer on the official app straight away.",24,672,0,0.93,0,1,1,0,0,0,secondary,0,0,0,0
"2x BLACKPINK OVO Arena Wembley. £115 each, Standing. Can't make the date anymore. Paying through the official exchange is fine. Tickets transferred through the Ticketmaster app.",1104,26,0,0.96,0,0,-1,1,0,1,none,0,0,0,0
"Selling 1 tickets for Olivia Rodrigo at AO Arena. Block 152 Row J Seats 5-31. £131 each, face value. Can't make the date anymore. Bank transfer is easiest for me but can do PayPal. Paying through the official exchange is fine. Tickets transferred through the Ticketmaster app.",1028,1009,0,1.09,1,1,1,1,0,1,secondary,0,0,0,0
"1x Rema Utilita Arena. £16 each. Can't go anymore due to a family emergency. Send it as a gift so there are no fees. Tickets sent once paid. 100% legit, can vouch. Can send a screenshot of the booking so you know they're real.",190,37,0,0.36,0,1,1,1,0,1,secondary,0,0,0,1
1x Rema Wembley Stadium. Lower tier. Selling at what I paid (£147). Paying through the official exchange is fine. Happy to show proof of purchase.,485,922,0,0.98,0,0,-1,0,0,1,unknown_site,0,1,0,0
Anyone want Rema tickets? O2 Arena. Lower tier. Selling at what I paid (£140). Work came up so can't make it. PayPal goods and services only. Happy to show proof of purchase.,790,1061,0,0.93,0,1,1,1,0,1,social,0,0,0,0
"Spare tickets for Dave, Tottenham Hotspur Stadium. Block 203 Row G Seats 2-32, paid £96, selling for the same. Easier to chat on WhatsApp, payment by bank transfer.",767,1159,1,1.01,1,1,1,1,0,1,unknown_site,0,1,1,1
"Selling 4 tickets for BLACKPINK at Utilita Arena. Lower tier. Selling at what I paid (£157). Can't go anymore, gutted. Message me on WhatsApp if it's easier.",723,1478,0,1.05,0,1,1,1,0,1,social,0,0,0,0
"Anyone want Tems tickets? Utilita Arena. Only £45!! Can't go anymore due to a family emergency. Revolut or bank transfer. Will send after payment. Going at a discount, just want them gone to a real fan.",6,143,0,1.0,0,1,1,1,0,1,social,0,0,0,1
"Stray Kids @ Utilita Arena, 2 tickets available. £79 each, Floor standing. Work came up so can't make it. Paying through the official exchange is fine. Transfer on the official app straight away.",39,365,0,0.93,0,1,1,0,0,1,social,0,0,0,0
"Selling 1 for Tems at face (£71), will send via the official app.",827,344,0,1.01,0,1,1,1,0,0,official,0,0,0,0
"Got 1 Tems tickets for OVO Arena Wembley I can't use. Block 349 Row H Seats 5-39, paid £55, selling for the same. Bought too many in the presale. PayPal goods and services only. Can transfer as soon as payment goes through the platform.",682,721,0,1.0,1,-1,-1,1,0,1,none,0,0,0,0
"Got 1 Stray Kids tickets for Co-op Live I can't use. Lower tier. £153 each, face value. Can't go anymore, gutted. Paying through the official exchange is fine. Happy to show proof of purchase.",1037,623,0,1.02,0,-1,-1,0,0,1,social,0,0,0,0
"Spare tickets for Central Cee, Wembley Stadium. Lower tier. Selling at what I paid (£108). Work came up so can't make it. Happy to use PayPal G&S so you're covered. Tickets transferred through the Ticketmaster app.",470,1103,0,0.9,0,1,1,0,0,1,social,0,0,0,0
"Central Cee @ AO Arena, 1 tickets available. £88 each, Standing. Can't make the date anymore. Paying through the official exchange is fine. Can transfer as soon as payment goes through the platform.",1971,1492,0,0.93,0,1,1,1,0,1,unknown_site,0,0,0,0
"Tickets available, message me.",677,0,0,1.0,0,1,1,0,0,1,social,0,0,0,1
Last minute 2x Burna Boy at Tottenham Hotspur Stadium. Floor standing. £66 each. Can't go anymore due to a family emergency. Pay half now and half when you get them. I'll transfer them after you pay. Like and comment below and I'll inbox you the details.,2,116,0,1.0,0,0,-1,1,0,1,social,0,0,0,1
"Got 1 SZA tickets for Tottenham Hotspur Stadium I can't use. £28 each. £20 deposit to hold them for you, rest before the show. Going at a discount, just want them gone to a real fan.",45,0,0,0.4,0,0,-1,0,0,1,unknown_site,1,1,1,1
"Got 4 Coldplay tickets for Tottenham Hotspur Stadium I can't use. Only £49!! I'm ill and can't go. £20 deposit to hold them for you, rest before the show. Tickets sent once paid. Won't last!!",9,3,0,1.0,0,1,1,1,1,1,unknown_site,1,1,1,1
Got 4 SEVENTEEN tickets for OVO Arena Wembley I can't use. Only £69!! Can't go anymore. PayPal friends and family only. Tickets sent once paid. Won't last!!,5,4,0,1.0,0,-1,-1,1,0,1,official,0,0,0,1
"Spare Burna Boy tix, send me a message. Can send a screenshot of the booking so you know they're real.",672,743,1,1.0,0,1,1,1,0,1,social,0,0,0,1
"Anyone want Coldplay tickets? Utilita Arena. Standing. £89 each, face value. Can't go anymore, gutted. Can do it through the Ticketmaster resale so it's safe for both of us. Happy to show proof of purchase.",1797,397,0,1.05,0,1,1,1,0,1,none,0,0,0,0
"Selling 1 tickets for Coldplay at AO Arena. £49 each, Block 292 Row B Seats 21-36. Moving away that month. PayPal is limited on my account right now so bank transfer instead.",38,8,0,1.0,1,0,-1,0,0,1,social,0,0,0,1
"Got 2 Rema tickets for Utilita Arena I can't use. Standing. £74 each, face value. Moving away that month. Happy to use PayPal G&S so you're covered. Happy to show proof of purchase.",2255,37,0,1.06,0,1,1,1,0,1,social,0,0,0,0
"BLACKPINK @ Tottenham Hotspur Stadium, 3 tickets available. Cheap at £34. Can't go anymore. Don't put tickets in the reference or PayPal holds the money. I'll transfer them after you pay.",115,20,0,1.0,0,1,1,1,0,1,social,0,0,0,1
2x Rema Tottenham Hotspur Stadium. Lower tier. Selling at what I paid (£78). Will list them on Twickets so you're protected.,830,1411,0,0.92,0,1,1,1,0,1,official,0,0,0,0
Anyone want Dave tickets? OVO Arena Wembley. Floor standing. Selling at what I paid (£62). PayPal is limited on my account right now so bank transfer instead.,599,11,0,0.89,0,0,-1,1,0,1,secondary,0,0,0,1
"Olivia Rodrigo @ Wembley Stadium, 1 tickets available. Floor standing. Selling at what I paid (£82). Small deposit to hold them and I'll transfer on the app.",27,231,0,1.0,0,1,0,0,0,1,social,0,0,0,1
"Got 1 Rema tickets for AO Arena I can't use. £67 each. I'm ill and can't go. Can't take PayPal at the moment, bank instead please. Can send screenshots of the tickets. Can send a screenshot of the booking so you know they're real.",246,33,0,0.79,0,1,0,1,0,1,social,0,0,0,1
Anyone want Beyonce tickets? O2 Arena. Only £45!! Can't go anymore. Bank transfer only. Like and comment below and I'll inbox you the details.,44,393,0,0.82,0,1,1,0,0,1,unknown_site,0,1,1,1
Got 2 Coldplay tickets for AO Arena I can't use. Only £60!! Pay half now and half when you get them. I'll transfer them after you pay.,43,15,0,0.71,0,1,1,1,0,1,official,0,0,0,1
Anyone need Beyonce tickets? DM. Can send a screenshot of the booking so you know they're real.,2735,1142,1,1.0,0,1,1,0,1,0,social,0,0,0,1
"Selling 3 tickets for Dave at Co-op Live. Standing, paid £113, selling for the same. Bought too many in the presale. PayPal is limited on my account right now so bank transfer instead.",39,22,0,1.0,0,-1,-1,1,0,1,none,0,0,0,1
"Spare tickets for Coldplay, Tottenham Hotspur Stadium. Lower tier. £134 each, face value. Happy to transfer on the app, just prefer friends and family to avoid fees.",14,23,0,0.89,0,1,1,1,0,0,secondary,0,0,0,1
"Selling 2 tickets for SZA at Wembley Stadium. Floor standing, paid £164, selling for the same. Can't make the date anymore. Paying through the official exchange is fine. Can transfer as soon as payment goes through the platform.",45,36,0,1.09,0,1,1,1,0,1,social,0,0,0,0
"Spare Burna Boy tix, send me a message. Like and comment below and I'll inbox you the details.",37,40,0,1.0,0,-1,-1,1,0,1,social,0,0,0,1
"Burna Boy @ Co-op Live, 2 tickets available. £35 each. Work came up last minute. Can't take PayPal at the moment, bank instead please. Tickets sent once paid. Like and comment below and I'll inbox you the details.",644,1089,1,0.5,0,1,0,1,0,1,social,0,0,0,1
"3x Rema O2 Arena. £47 each, Lower tier. Moving away that month. Will list them on Twickets so you're protected. Happy to show proof of purchase.",2089,13,0,1.0,0,1,1,0,0,1,social,0,0,0,0
Central Cee tickets at OVO Arena Wembley!! Standing. £58 each. I'm ill and can't go. Revolut or bank transfer.,1437,431,1,0.61,0,1,1,1,0,0,social,0,0,0,1
SELLING Stray Kids Utilita Arena TICKETS Only £100!! Bank transfer only. Tickets sent once paid. Need the full amount up front to keep them for you.,23,35,0,0.67,0,-1,-1,1,0,1,unknown_site,1,1,1,1
"Coldplay @ AO Arena, 3 tickets available. Floor standing, paid £86, selling for the same. Can't go anymore, gutted. Paying through the official exchange is fine.",1949,631,0,0.91,0,1,1,0,0,1,social,0,0,0,0
"Anyone want Rema tickets? O2 Arena. Standing. £42 each, face value. Bank transfer is easiest for me but can do PayPal. Can transfer as soon as payment goes through the platform.",2305,14,0,0.93,0,1,1,0,0,1,social,0,0,0,0
"Selling 3 tickets for Rema at OVO Arena Wembley. £48 each, Floor standing. PayPal goods and services only. Can transfer as soon as payment goes through the platform.",18,1324,0,1.07,0,1,1,0,0,0,social,0,0,0,0
"Burna Boy @ O2 Arena, 3 tickets available. Standing. £41 each. Work came up last minute. Send it as a gift so there are no fees. Tickets sent once paid.",28,21,0,1.0,0,1,0,1,0,1,social,0,0,0,1
"Selling 1 for Dave at face (£99), will send via the official app.",804,271,0,1.0,0,1,1,0,0,1,social,0,0,0,0
"BLACKPINK @ AO Arena, 2 tickets available. Only £48!! Work came up last minute. Bank transfer only. I'll email you the PDF tickets once paid. 100% legit, can vouch. 100% legit, can vouch.",258,9,0,1.0,0,1,0,0,0,1,official,0,0,0,1
"Selling my Central Cee tickets cheap, message me for details.",29,13,0,1.0,0,1,1,0,0,1,none,0,0,0,1
Got 2 Olivia Rodrigo tickets for Co-op Live I can't use. Standing. £35 each. Don't put tickets in the reference or PayPal holds the money.,40,16,0,0.41,0,1,1,1,0,1,social,0,0,0,1
"Spare tickets for Beyonce, OVO Arena Wembley. £89 each, Standing. Can't go anymore, gutted. Can do it through the Ticketmaster resale so it's safe for both of us. Happy to show proof of purchase.",32,1376,1,0.94,0,-1,-1,0,0,1,social,0,0,0,0
"Spare tickets for SEVENTEEN, Wembley Stadium. £73 each, Floor standing. Please leave the reference blank, PayPal is funny about tickets.",1464,174,1,0.86,0,-1,-1,1,0,1,social,0,0,0,1
"Olivia Rodrigo @ Utilita Arena, 2 tickets available. Cheap at £60. Work came up last minute. Revolut or bank transfer. Tickets sent once paid. DM me on WhatsApp.",28,31,0,0.71,0,1,1,0,0,1,social,0,0,0,1
"Selling 1 tickets for SZA at AO Arena. £93 each, Block 252 Row E Seats 15-31. Bought too many in the presale. PayPal goods and services only. Tickets transferred through the Ticketmaster app.",27,290,0,1.09,1,1,1,1,0,1,secondary,0,0,0,0
"Spare tickets for Dave, Co-op Live. Floor standing. £127 each, face value. Work came up so can't make it. Can do it through the Ticketmaster resale so it's safe for both of us. Can transfer as soon as payment goes through the platform.",351,38,0,1.06,0,1,1,0,0,1,official,0,0,0,0
"Last minute 2x Stray Kids at AO Arena. Only £41!! Can't go anymore. Send it as a gift so there are no fees. Tickets sent once paid. Loads of people messaging, first to pay gets them. Payment goes to my cousin's account as mine is restricted at the moment.",34,13,0,0.75,0,1,1,0,0,1,unknown_site,0,1,0,1
"Tickets available, message me.",4,8,0,1.0,0,1,1,1,1,1,social,0,0,0,1
"Coldplay @ Wembley Stadium, 2 tickets available. Lower tier. £45 each, face value. Clashes with a wedding. Happy to use PayPal G&S so you're covered. Tickets transferred through the Ticketmaster app.",2268,162,0,1.0,0,1,1,0,0,1,official,0,0,0,0
Last minute 2x Rema at Tottenham Hotspur Stadium. Standing. £44 each. Crypto or gift cards accepted. I'll transfer them after you pay. Message me on Telegram.,1574,1454,1,0.37,0,1,1,1,0,1,social,0,0,0,1
2x Burna Boy Tottenham Hotspur Stadium. Cheap at £26. Work came up last minute. Bank transfer only. I'll transfer them after you pay. Also got a couple of presale codes going for £30 each.,1427,509,1,1.0,0,1,0,1,0,1,social,0,0,0,1
"Spare tickets for Burna Boy, Utilita Arena. £60 each, Lower tier. Happy to use PayPal G&S so you're covered. Happy to show proof of purchase.",41,9,0,1.09,0,1,1,1,0,1,secondary,0,0,0,0
Selling 4 tickets for Central Cee at Wembley Stadium. Floor standing. Selling at what I paid (£75). PayPal goods and services only. Can transfer as soon as payment goes through the platform.,2566,36,0,1.07,0,1,1,1,0,1,secondary,0,0,0,0
"Selling 4 tickets for BLACKPINK at Tottenham Hotspur Stadium. Block 409 Row A Seats 21-37, paid £141, selling for the same. Clashes with a wedding. Can do it through the Ticketmaster resale so it's safe for both of us.",806,8,0,1.0,1,1,1,0,0,1,official,0,0,0,0
"2x Burna Boy AO Arena. Cheap at £30. Can't go anymore. Send it as a gift so there are no fees. Loads of people messaging, first to pay gets them. Like and comment below and I'll inbox you the details.",41,14,0,1.0,0,1,1,1,0,1,social,0,0,0,1
"Can't make BLACKPINK anymore, 2 tickets going at a discount, PM.",2517,780,1,1.0,0,1,1,1,0,1,social,0,0,0,1
"3x Burna Boy O2 Arena. £84 each, Standing. Work came up so can't make it. PayPal goods and services only.",1420,1475,0,0.99,0,1,1,1,0,1,none,0,0,0,0
Got 2 Coldplay tickets for Wembley Stadium I can't use. Floor standing. Selling at what I paid (£75). Clashes with a wedding. Small deposit to hold them and I'll transfer on the app.,203,6,0,0.88,0,1,0,1,0,1,social,0,0,0,1
Selling 4 tickets for Central Cee at Wembley Stadium. Standing. £46 each. Work came up last minute. Send it as a gift so there are no fees. Tickets sent once paid. Need the full amount up front to keep them for you. Message me on Telegram.,1091,939,1,0.48,0,0,-1,0,1,1,social,0,0,0,1
"4x Coldplay OVO Arena Wembley. Block 138 Row A Seats 15-40, paid £69, selling for the same. Can't go anymore, gutted. Will list them on Twickets so you're protected. Can transfer as soon as payment goes through the platform.",10,1235,0,0.99,1,1,1,0,0,1,official,0,0,0,0
"Spare tickets for Burna Boy, Utilita Arena. Standing. £78 each, face value. Bought too many in the presale. PayPal is limited on my account right now so bank transfer instead.",503,599,0,0.92,0,1,1,1,0,1,social,0,0,0,1
"Spare tickets for SZA, AO Arena. £159 each, Floor standing. Bought too many in the presale. Happy to use PayPal G&S so you're covered. Can transfer as soon as payment goes through the platform.",1081,798,0,1.06,0,1,1,0,0,0,official,0,0,0,0
"Spare tickets for Tems, Wembley Stadium. £70 each. Work came up last minute. Pay half now and half when you get them. Tickets sent once paid. Few others asking so first come first served.",589,4,0,0.74,0,1,1,1,0,1,social,0,0,0,1
"Selling 1 tickets for Beyonce at OVO Arena Wembley. £42 each, Block 150 Row C Seats 24-33. Clashes with a wedding. Genuine seller btw, check my profile. Can do it through the Ticketmaster resale so it's safe for both of us. Transfer on the official app straight away.",1495,9,0,0.93,1,1,1,1,0,1,social,0,0,0,0
"Selling 2 tickets for Olivia Rodrigo at AO Arena. Standing. £57 each, face value. Bought too many in the presale. Can send a screenshot of my order confirmation. Tickets transferred through the Ticketmaster app.",2682,1160,0,1.04,0,1,1,1,0,1,social,0,0,0,0
Selling 4 tickets for Beyonce at Wembley Stadium. Cheap at £90. Can't go anymore. Bank transfer only. Tickets sent once paid. Payment goes to my cousin's account as mine is restricted at the moment.,185,164,0,1.0,0,0,-1,1,0,1,social,0,0,0,1
"3x BLACKPINK AO Arena. Lower tier. £65 each. Revolut or bank transfer. Can send screenshots of the tickets. Serious buyers only. 100% legit, can vouch.",41,314,0,0.43,0,0,-1,0,1,1,social,0,0,0,1
"Anyone want Central Cee tickets? Co-op Live. Cheap at £42. Can't go anymore due to a family emergency. £20 deposit to hold them for you, rest before the show. Tickets sent once paid. Can send a screenshot of the booking so you know they're real. Genuine seller, not a scam.",9,39,0,0.76,0,0,-1,1,0,1,social,0,0,0,1
"Spare tickets for Coldplay, Utilita Arena. Lower tier. £76 each, face value. Moving away that month. Need them gone quick. PayPal goods and services only.",40,946,0,1.09,0,1,1,0,0,1,official,0,0,0,0
"4x BLACKPINK Wembley Stadium. Lower tier. Selling at what I paid (£143). Moving away that month. Genuine seller btw, check my profile. Tickets transferred through the Ticketmaster app.",258,402,0,0.95,0,1,1,1,0,0,none,0,0,0,0
"Rema @ AO Arena, 2 tickets available. Only £75!! Work came up last minute. Revolut or bank transfer. DM me on WhatsApp. DM me on WhatsApp.",784,21,0,0.79,0,0,-1,0,0,1,secondary,0,0,0,1
"Spare tickets for Coldplay, AO Arena. Standing. Selling at what I paid (£82). Clashes with a wedding. Will list them on Twickets so you're protected. Transfer on the official app straight away.",2638,1280,0,0.96,0,1,1,0,0,0,official,0,0,0,0
"Anyone want Burna Boy tickets? Wembley Stadium. £62 each, Floor standing. Can't go anymore, gutted. Happy to transfer on the app, just prefer friends and family to avoid fees.",496,864,1,1.0,0,1,1,0,0,1,unknown_site,1,1,1,1
4x Rema Utilita Arena. Floor standing. Selling at what I paid (£38). PayPal is limited on my account right now so bank transfer instead.,41,132,0,0.84,0,1,0,1,0,1,unknown_site,1,1,1,1
Got 3 Stray Kids tickets for Tottenham Hotspur Stadium I can't use. £37 each. Can't go anymore due to a family emergency. Crypto or gift cards accepted. Like and comment below and I'll inbox you the details.,1236,900,1,1.0,0,1,1,1,0,1,secondary,0,0,0,1
"Anyone want Dave tickets? O2 Arena. Lower tier. £44 each, face value. Can't go anymore, gutted. Happy to use PayPal G&S so you're covered. Tickets transferred through the Ticketmaster app.",60,22,0,0.98,0,-1,-1,1,0,0,none,0,0,0,0
"Anyone want Central Cee tickets? Wembley Stadium. Floor standing, paid £45, selling for the same. Bought too many in the presale. Happy to use PayPal G&S so you're covered. Tickets transferred through the Ticketmaster app.",831,760,0,1.0,0,1,1,1,0,1,official,0,0,0,0
"SELLING Stray Kids Utilita Arena TICKETS Only £90!! Pay half now and half when you get them. Can send screenshots of the tickets. Loads of people messaging, first to pay gets them.",29,8,0,1.0,0,1,1,1,0,1,social,0,0,0,1
Anyone need Central Cee tickets? DM. Serious buyers only.,2794,494,1,1.0,0,1,1,0,0,1,social,0,0,0,1
Got 2 Burna Boy tickets for AO Arena I can't use. Standing. £32 each. Work came up last minute. Send it as a gift so there are no fees. Tickets sent once paid. Won't last!!,11,298,0,1.0,0,1,0,0,0,1,none,0,0,0,1
"Spare SZA ticket tonight, £44 face value, DICE transfer.",1001,16,0,0.98,0,1,1,0,0,1,social,0,0,0,0
SELLING SEVENTEEN O2 Arena TICKETS Standing. £67 each. Revolut or bank transfer. Can send screenshots of the tickets. Payment goes to my cousin's account as mine is restricted at the moment. DM me on WhatsApp.,25,20,0,0.71,0,0,-1,1,0,1,social,0,0,0,1
"Selling 1 for Rema at face (£121), will send via the official app.",2898,27,0,1.01,0,1,1,1,0,1,official,0,0,0,0
"Olivia Rodrigo @ Co-op Live, 3 tickets available. Standing. £128 each, face value. Can't make the date anymore. Can do it through the Ticketmaster resale so it's safe for both of us. Tickets transferred through the Ticketmaster app.",601,5,0,1.07,0,1,1,1,0,1,official,0,0,0,0
"Got 2 BLACKPINK tickets for Utilita Arena I can't use. Block 385 Row C Seats 4-31. £45 each, face value. Bought too many in the presale. Paying through the official exchange is fine. Transfer on the official app straight away.",13,1044,0,1.0,1,1,1,1,0,1,official,0,0,0,0
"Spare tickets for Central Cee, O2 Arena. Block 372 Row F Seats 27-39, paid £81, selling for the same. Can email the PDF tickets over tonight.",32,25,0,0.85,1,0,-1,1,0,1,social,0,0,0,1
Got 1 Olivia Rodrigo tickets for Co-op Live I can't use. Floor standing. Selling at what I paid (£42). Can't make the date anymore. Happy to use PayPal G&S so you're covered. Can transfer as soon as payment goes through the platform.,1224,609,0,0.93,0,1,1,1,0,1,none,0,0,0,0
"BLACKPINK tickets going, DM for price.",2856,938,1,1.0,0,1,0,1,0,1,social,0,0,0,0
"Selling 2 tickets for Coldplay at OVO Arena Wembley. £121 each, Block 159 Row G Seats 15-32. Work came up so can't make it. Paying through the official exchange is fine. Happy to show proof of purchase.",1110,564,0,1.0,1,1,1,0,0,1,social,0,0,0,0
"Burna Boy @ Tottenham Hotspur Stadium, 3 tickets available. Standing, paid £113, selling for the same. Work came up so can't make it. Message me on WhatsApp if it's easier.",1868,573,0,0.94,0,1,1,1,0,1,social,0,0,0,0
"4x BLACKPINK O2 Arena. £111 each, Floor standing. Moving away that month. Tickets are PDFs by email for this venue. Transfer on the official app straight away.",2237,1220,0,0.93,0,1,1,0,0,0,social,0,0,0,0
"SELLING Olivia Rodrigo Co-op Live TICKETS Cheap at £66. Can't take PayPal at the moment, bank instead please. Need the full amount up front to keep them for you.",22,106,0,0.78,0,0,-1,1,0,1,social,0,0,0,1
"Selling 3 tickets for Central Cee at Utilita Arena. Block 417 Row B Seats 25-40. £46 each, face value. Friend dropped out. Will list them on Twickets so you're protected. Can transfer as soon as payment goes through the platform.",18,23,0,1.02,1,1,1,0,0,1,secondary,0,0,0,0
"SEVENTEEN @ O2 Arena, 2 tickets available. Floor standing. £57 each, face value. Can't go anymore, gutted. Paying through the official exchange is fine. Can transfer as soon as payment goes through the platform.",2143,8,0,1.04,0,1,1,1,0,0,secondary,0,0,0,0
"Rema @ Co-op Live, 3 tickets available. Lower tier. £100 each, face value. Can't make the date anymore. PayPal goods and services only. Happy to show proof of purchase.",2900,982,0,1.0,0,1,1,1,0,1,social,0,0,0,0
Got 2 Olivia Rodrigo tickets for OVO Arena Wembley I can't use. Only £22!! Work came up last minute. Bank transfer only. Tickets sent once paid.,119,104,0,1.0,0,1,1,1,0,1,social,0,0,0,1
"Dave @ O2 Arena, 4 tickets available. £89 each, Floor standing. Friend dropped out. Message me on WhatsApp if it's easier. Can transfer as soon as payment goes through the platform.",811,19,0,0.94,0,1,1,1,0,1,official,0,0,0,0
"2x SEVENTEEN OVO Arena Wembley. Only £36!! I'm ill and can't go. Send it as a gift so there are no fees. I'll transfer them after you pay. Genuine seller, not a scam.",41,24,0,1.0,0,-1,-1,1,0,1,social,0,0,0,1
"Anyone want SZA tickets? O2 Arena. Block 196 Row D Seats 28-31. Selling at what I paid (£45). Clashes with a wedding. Happy to transfer on the app, just prefer friends and family to avoid fees.",33,143,0,1.0,1,0,-1,1,0,1,social,0,0,0,1
"Anyone want Olivia Rodrigo tickets? Utilita Arena. Floor standing. Selling at what I paid (£58). Can't go anymore, gutted. Can do it through the Ticketmaster resale so it's safe for both of us. Tickets transferred through the Ticketmaster app.",812,7,0,1.05,0,1,1,1,0,1,social,0,0,0,0
"SELLING Beyonce Wembley Stadium TICKETS Standing. £43 each. I'm ill and can't go. £20 deposit to hold them for you, rest before the show. I'll transfer them after you pay.",825,19,0,0.45,0,1,0,1,0,0,none,0,0,0,1
"BLACKPINK @ Co-op Live, 2 tickets available. Block 410 Row F Seats 1-31. £66 each, face value. Easier to chat on WhatsApp, payment by bank transfer.",3,10,0,1.0,1,1,1,1,0,0,social,0,0,0,1
"SZA @ O2 Arena, 3 tickets available. Cheap at £28. Can't go anymore. Can't take PayPal at the moment, bank instead please. I'll email you the PDF tickets once paid. Few others asking so first come first served.",2256,715,1,0.62,0,0,-1,1,0,0,social,0,0,0,1
Anyone need Coldplay tickets? DM.,1244,519,1,1.0,0,-1,-1,1,0,1,social,0,0,0,1
"Got 2 SZA tickets for Wembley Stadium I can't use. £85 each, Lower tier. Can do it through the Ticketmaster resale so it's safe for both of us. Happy to show proof of purchase.",2674,988,0,0.89,0,1,0,0,0,1,social,0,0,0,1
Who wants Rema tickets?? Message me x Message me on Telegram.,11,11,0,1.0,0,1,1,0,0,1,social,0,0,0,1
Selling 3 tickets for Olivia Rodrigo at O2 Arena. Only £44!! Can't go anymore. Send it as a gift so there are no fees. Payment goes to my cousin's account as mine is restricted at the moment.,29,30,0,1.0,0,1,0,0,0,1,unknown_site,1,1,0,1
"Spare SZA tix, send me a message.",504,21,0,1.0,0,1,1,0,0,1,social,0,0,0,1
Selling 1 tickets for Olivia Rodrigo at O2 Arena. Cheap at £46. Can't go anymore. Revolut or bank transfer. Tickets sent once paid.,27,319,0,1.0,0,1,0,1,0,1,secondary,0,0,0,1
1x Olivia Rodrigo Utilita Arena. Only £20!! Work came up last minute. Bank transfer only. Tickets sent once paid. DM me on WhatsApp.,5,28,0,1.0,0,-1,-1,1,0,1,official,0,0,0,1
Anyone need Dave tickets? DM.,40,3,0,1.0,0,1,1,1,0,1,social,0,0,0,1
"Spare tickets for SZA, AO Arena. Cheap at £65. Work came up last minute. £20 deposit to hold them for you, rest before the show. I'll transfer them after you pay.",1,27,0,1.0,0,1,1,0,0,1,social,0,0,0,1
"Got 2 Rema tickets for AO Arena I can't use. £45 each, Floor standing. Clashes with a wedding. Genuine seller btw, check my profile. Happy to use PayPal G&S so you're covered. Tickets transferred through the Ticketmaster app.",2176,500,0,1.0,0,1,1,0,0,1,none,0,0,0,0
"Selling 1 tickets for Burna Boy at OVO Arena Wembley. Block 364 Row D Seats 4-39, paid £44, selling for the same. PayPal is limited on my account right now so bank transfer instead.",298,25,0,0.98,1,1,0,0,0,0,unknown_site,0,1,1,1
"Rema @ Co-op Live, 2 tickets available. £69 each. Can't go anymore due to a family emergency. Bank transfer only. Will send after payment.",7,12,0,0.73,0,1,1,1,1,1,social,0,0,0,1
"Anyone want Dave tickets? O2 Arena. Only £26!! Work came up last minute. Can't take PayPal at the moment, bank instead please. Tickets sent once paid. I'll send you a 6 digit code to check you're real, just send the code back.",625,33,0,0.58,0,1,1,1,0,1,none,0,0,0,1
"Rema @ O2 Arena, 3 tickets available. Standing. Selling at what I paid (£87). Moving away that month. Paying through the official exchange is fine. Transfer on the official app straight away.",1271,38,0,1.02,0,1,1,0,0,1,social,0,0,0,0
"Beyonce @ Wembley Stadium, 4 tickets available. Block 263 Row G Seats 9-32, paid £48, selling for the same. Can't go anymore, gutted. Can do it through the Ticketmaster resale so it's safe for both of us. Tickets transferred through the Ticketmaster app.",1797,763,0,1.0,1,1,1,1,0,1,official,0,0,0,0
"Anyone want BLACKPINK tickets? O2 Arena. Floor standing. £78 each, face value. Small deposit to hold them and I'll transfer on the app.",9,2,0,0.92,0,1,1,1,0,0,none,0,0,0,1
3x Central Cee Utilita Arena. Standing. £60 each. Can't go anymore due to a family emergency. Revolut or bank transfer. Can send screenshots of the tickets. Payment goes to my cousin's account as mine is restricted at the moment.,8,564,0,1.0,0,1,1,1,0,0,social,0,0,0,1
"Got 2 Olivia Rodrigo tickets for AO Arena I can't use. Floor standing. £99 each, face value. Clashes with a wedding. PayPal goods and services only. Tickets transferred through the Ticketmaster app.",15,516,0,1.04,0,1,1,1,0,0,social,0,0,0,0
"Anyone want Tems tickets? Tottenham Hotspur Stadium. Floor standing. £108 each, face value. Friend dropped out. Easier to chat on WhatsApp, payment by bank transfer.",22,464,0,0.9,0,1,1,1,0,1,secondary,0,0,0,1
"Spare Burna Boy ticket tonight, £96 face value, DICE transfer.",417,981,0,1.01,0,1,1,1,0,1,social,0,0,0,1
"Beyonce @ Co-op Live, 1 tickets available. Only £100!! Can't go anymore. £20 deposit to hold them for you, rest before the show. Tickets sent once paid. Loads of people messaging, first to pay gets them.",1851,283,1,0.83,0,1,1,1,0,1,social,0,0,0,1
"Selling my Tems tickets cheap, message me for details.",14,2,0,1.0,0,1,0,1,1,1,social,0,0,0,1
"Olivia Rodrigo at OVO Arena Wembley, Floor standing, £57 each, Ticketmaster transfer + PayPal G&S.",879,28,0,1.04,0,1,1,1,0,1,none,0,0,0,0
"Spare tickets for Central Cee, OVO Arena Wembley. £150 each, Lower tier. Can't go anymore, gutted. Bank transfer is easiest for me but can do PayPal. Transfer on the official app straight away.",2287,8,0,1.0,0,1,1,1,0,0,social,0,0,0,0
"SZA @ Tottenham Hotspur Stadium, 1 tickets available. Lower tier. £52 each, face value. Moving away that month. Can send a screenshot of my order confirmation. Transfer on the official app straight away.",42,1175,0,0.95,0,1,1,1,0,1,social,0,0,0,0
"Olivia Rodrigo @ AO Arena, 2 tickets available. £70 each. Can't go anymore due to a family emergency. Pay half now and half when you get them. Can send screenshots of the tickets. 100% legit, can vouch.",44,0,0,1.0,0,1,1,1,0,1,social,0,0,0,1
Olivia Rodrigo tickets at Co-op Live!! £49 each. Work came up last minute. Don't put tickets in the reference or PayPal holds the money. I'll email you the PDF tickets once paid. Won't last!!,43,14,0,1.0,0,0,-1,1,0,1,social,0,0,0,1
"Selling 4 tickets for Rema at AO Arena. Block 157 Row B Seats 26-40, paid £90, selling for the same. Clashes with a wedding. Happy to use PayPal G&S so you're covered. Can transfer as soon as payment goes through the platform.",1689,513,0,1.06,1,1,1,1,0,1,secondary,0,0,0,0
"Have 4 for Co-op Live, hit me up if interested.",1958,1376,1,1.0,0,0,-1,1,0,1,secondary,0,0,0,1
"Anyone want Burna Boy tickets? Co-op Live. Lower tier. Selling at what I paid (£39). Friend dropped out. Easier to chat on WhatsApp, payment by bank transfer.",17,35,0,1.0,0,0,-1,1,0,1,secondary,0,0,0,1
"Spare tickets for Rema, Wembley Stadium. Cheap at £54. Can't go anymore due to a family emergency. PayPal isn't working on my account so bank transfer instead. Can send screenshots of the tickets. Few others asking so first come first served.",422,0,0,0.45,0,1,1,0,0,0,social,0,0,0,1
"1 x Coldplay standing, £46, listing it on Twickets now.",523,420,0,1.0,0,1,1,0,0,1,secondary,0,0,0,0
"Central Cee @ Tottenham Hotspur Stadium, 2 tickets available. Cheap at £39. Can't go anymore due to a family emergency. Send it as a gift so there are no fees. I'll email you the PDF tickets once paid. Genuine seller, not a scam.",28,471,0,0.41,0,1,1,1,0,1,social,0,0,0,0
"Spare Burna Boy tix, send me a message.",23,359,0,1.0,0,1,0,1,0,0,social,0,0,0,1
"Tickets available, message me.",2418,1448,1,1.0,0,1,1,0,0,1,social,0,0,0,0
"Tickets available, message me. Loads of people messaging, first to pay gets them.",12,412,0,1.0,0,1,0,1,0,1,social,0,0,0,1
"Got 2 SEVENTEEN tickets for Wembley Stadium I can't use. Lower tier. Selling at what I paid (£55). Bought too many in the presale. Easier to chat on WhatsApp, payment by bank transfer.",170,26,0,1.0,0,1,1,0,0,0,social,0,0,0,1
"Got 3 SEVENTEEN tickets for OVO Arena Wembley I can't use. £111 each, Block 184 Row K Seats 26-37. Easier to chat on WhatsApp, payment by bank transfer.",38,3,0,1.0,1,0,-1,1,0,1,social,0,0,0,1
"Spare tickets for Tems, O2 Arena. £70 each. Bank transfer only. I'll transfer them after you pay. Going at a discount, just want them gone to a real fan.",408,183,1,1.0,0,-1,-1,1,0,1,secondary,0,0,0,1
SELLING Burna Boy AO Arena TICKETS Only £21!! I'm ill and can't go. Crypto or gift cards accepted. Tickets sent once paid.,1011,598,1,1.0,0,1,0,1,0,0,social,0,0,0,1
"Spare tickets for Beyonce, Wembley Stadium. Standing, paid £108, selling for the same. Can't go anymore, gutted. Paying through the official exchange is fine. Tickets transferred through the Ticketmaster app.",44,453,0,0.9,0,1,0,1,0,0,secondary,0,0,0,0
"1x Burna Boy Wembley Stadium. Lower tier. £87 each, face value. Can't go anymore, gutted. Genuine seller btw, check my profile. Will list them on Twickets so you're protected. Happy to show proof of purchase.",31,603,0,1.02,0,1,1,1,0,1,social,0,0,0,0
"Spare tickets for Tems, O2 Arena. Standing, paid £118, selling for the same. Clashes with a wedding. PayPal goods and services only. Transfer on the official app straight away.",2345,1353,0,0.98,0,1,1,1,0,0,social,0,0,0,0
"Got 2 BLACKPINK tickets for AO Arena I can't use. Standing. £86 each. Work came up last minute. PayPal friends and family only. Tickets sent once paid. Message me on Telegram. Loads of people messaging, first to pay gets them.",519,817,1,0.72,0,0,-1,1,0,0,social,0,0,0,1
"SEVENTEEN @ Tottenham Hotspur Stadium, 1 tickets available. £137 each, Standing. Moving away that month. Can do it through the Ticketmaster resale so it's safe for both of us.",19,559,0,0.91,0,1,1,0,0,1,social,0,0,0,0
4x Olivia Rodrigo AO Arena. Standing. £79 each. I'm ill and can't go. Revolut or bank transfer. Can send screenshots of the tickets.,33,0,0,0.83,0,1,1,1,0,1,social,0,0,0,1
"2x Stray Kids AO Arena. Block 295 Row F Seats 16-31. £100 each, face value. Work came up so can't make it. Will list them on Twickets so you're protected. Can transfer as soon as payment goes through the platform.",37,5,0,1.05,1,1,1,1,0,1,social,0,0,0,0
"Anyone want Olivia Rodrigo tickets? Tottenham Hotspur Stadium. Block 209 Row A Seats 19-37. £53 each, face value. PayPal is limited on my account right now so bank transfer instead.",33,194,0,0.96,1,0,-1,0,0,1,social,0,0,0,1
"Got 4 Coldplay tickets for Co-op Live I can't use. £61 each, Floor standing. Easier to chat on WhatsApp, payment by bank transfer.",24,436,0,0.87,0,0,-1,1,1,1,secondary,0,0,0,1
"Dave tickets going, DM for price. Genuine seller, not a scam.",17,24,0,1.0,0,1,1,0,1,1,social,0,0,0,1
"Coldplay @ Wembley Stadium, 4 tickets available. Lower tier, paid £41, selling for the same. Work came up so can't make it. Will list them on Twickets so you're protected. Transfer on the official app straight away.",33,910,0,0.91,0,1,1,1,0,1,none,0,0,0,0
"Tems @ O2 Arena, 3 tickets available. £95 each. Can't go anymore. Don't put tickets in the reference or PayPal holds the money.",42,5,0,0.79,0,1,1,0,1,1,social,0,0,0,1
"SZA @ Wembley Stadium, 3 tickets available. Block 365 Row F Seats 19-34, paid £135, selling for the same. Work came up so can't make it. Message me on WhatsApp if it's easier. Can do it through the Ticketmaster resale so it's safe for both of us.",1476,1434,0,1.0,1,1,1,1,0,1,social,0,0,0,0
"SELLING Burna Boy AO Arena TICKETS £118 each. £20 deposit to hold them for you, rest before the show. Can send screenshots of the tickets. I'll send you a 6 digit code to check you're real, just send the code back. Message me on Telegram.",12,105,0,1.0,0,1,0,1,1,1,social,0,0,0,1
"Last minute 4x Dave at Tottenham Hotspur Stadium. Only £49!! I'm ill and can't go. Can't take PayPal at the moment, bank instead please. Can send a screenshot of the booking so you know they're real. I'll send you a 6 digit code to check you're real, just send the code back.",3,14,0,0.52,0,1,1,1,0,1,social,0,0,0,1
Olivia Rodrigo tickets at Utilita Arena!! Only £36!! Work came up last minute. Send it as a gift so there are no fees.,22,186,0,1.0,0,-1,-1,0,0,1,social,0,0,0,1
"Got 2 Central Cee tickets for OVO Arena Wembley I can't use. £74 each, Lower tier. Small deposit to hold them and I'll transfer on the app.",23,243,0,1.0,0,-1,-1,1,0,1,social,0,0,0,1
"Anyone want Beyonce tickets? Utilita Arena. Lower tier, paid £157, selling for the same. Work came up so can't make it. Will list them on Twickets so you're protected.",1889,21,0,1.05,0,1,1,1,0,1,social,0,0,0,0
"Central Cee @ O2 Arena, 4 tickets available. Only £31!! Can't go anymore. Pay half now and half when you get them. I'll transfer them after you pay. Serious buyers only.",35,148,0,0.56,0,-1,-1,1,0,1,social,0,0,0,1
SELLING BLACKPINK OVO Arena Wembley TICKETS £64 each. Can't go anymore due to a family emergency. Bank transfer only. I'll email you the PDF tickets once paid. Need the full amount up front to keep them for you.,516,1113,1,1.0,0,-1,-1,0,0,1,social,0,0,0,0
3x Burna Boy OVO Arena Wembley. Block 399 Row H Seats 24-39. Selling at what I paid (£42). Small deposit to hold them and I'll transfer on the app.,22,13,0,0.93,1,1,1,1,1,1,social,0,0,0,1
"Got 4 SZA tickets for OVO Arena Wembley I can't use. Standing, paid £160, selling for the same. Will list them on Twickets so you're protected.",1018,22,0,1.07,0,1,1,1,0,1,social,0,0,0,0
Selling 2 tickets for SEVENTEEN at Tottenham Hotspur Stadium. Standing. Selling at what I paid (£41). Work came up so can't make it. Can do it through the Ticketmaster resale so it's safe for both of us.,58,30,0,0.91,0,1,1,0,0,1,official,0,0,0,0
"Got 3 SEVENTEEN tickets for Co-op Live I can't use. Block 210 Row G Seats 6-33. Selling at what I paid (£150). Happy to transfer on the app, just prefer friends and family to avoid fees.",2212,880,1,1.0,1,-1,-1,1,1,1,none,0,0,0,1
"1x Central Cee O2 Arena. £107 each, Floor standing. PayPal is limited on my account right now so bank transfer instead.",6,1,0,0.89,0,1,0,1,0,0,social,0,0,0,1
SELLING Coldplay Utilita Arena TICKETS £56 each. Send it as a gift so there are no fees. I'll email you the PDF tickets once paid.,17,218,0,1.0,0,1,0,0,0,0,social,0,0,0,1
"Stray Kids @ Wembley Stadium, 2 tickets available. Floor standing. £79 each, face value. Work came up so can't make it. Can do it through the Ticketmaster resale so it's safe for both of us. Tickets transferred through the Ticketmaster app.",1286,709,0,0.93,0,1,1,1,0,1,official,0,0,0,0
Tems tickets at Co-op Live!! Only £89!! Can't go anymore due to a family emergency. Don't put tickets in the reference or PayPal holds the money. Can send screenshots of the tickets. Also got a couple of presale codes going for £30 each. Won't last!!,957,1412,1,1.0,0,1,1,1,0,0,social,0,0,0,1
"SZA tickets at Wembley Stadium!! Block 193 Row A Seats 21-36. £96 each. I'm ill and can't go. Can't take PayPal at the moment, bank instead please. Tickets sent once paid. Genuine seller, not a scam. Loads of people messaging, first to pay gets them.",21,22,0,0.8,1,1,1,1,0,1,unknown_site,1,1,0,1
"SELLING BLACKPINK Utilita Arena TICKETS £62 each. Work came up last minute. Can't take PayPal at the moment, bank instead please. Will send after payment. Message me on Telegram.",37,18,0,1.0,0,1,1,1,0,1,social,0,0,0,1
"Spare tickets for SEVENTEEN, O2 Arena. Block 204 Row A Seats 26-34. Selling at what I paid (£77). Clashes with a wedding. PayPal goods and services only.",2001,1116,0,0.91,1,1,1,0,0,1,social,0,0,0,0
"1x Olivia Rodrigo Wembley Stadium. Lower tier. £116 each, face value. Bought too many in the presale. Happy to use PayPal G&S so you're covered. Transfer on the official app straight away.",1154,1320,0,0.97,0,1,1,0,0,0,official,0,0,0,0
"Got 1 Central Cee tickets for Co-op Live I can't use. Floor standing. £99 each, face value. Will list them on Twickets so you're protected. Can transfer as soon as payment goes through the platform.",787,1309,0,1.04,0,1,1,1,0,1,official,0,0,0,0
"Spare tickets for BLACKPINK, Utilita Arena. £87 each, Block 138 Row J Seats 10-36. Moving away that month. Happy to use PayPal G&S so you're covered. Can transfer as soon as payment goes through the platform.",476,570,0,1.0,1,1,1,1,0,1,official,0,0,0,0
"Anyone want Burna Boy tickets? OVO Arena Wembley. Block 350 Row J Seats 2-40, paid £71, selling for the same. Moving away that month. PayPal goods and services only. Happy to show proof of purchase.",1735,1187,0,1.01,1,1,1,1,0,1,social,0,0,0,0
"Spare tickets for Beyonce, Wembley Stadium. £48 each, Block 166 Row K Seats 24-37. Moving away that month. Easier to chat on WhatsApp, payment by bank transfer.",490,2,0,0.87,1,1,1,1,0,1,none,0,0,0,1
"Spare tickets for SZA, Utilita Arena. Block 211 Row C Seats 27-38. £75 each, face value. Friend dropped out. Will list them on Twickets so you're protected. Can transfer as soon as payment goes through the platform.",2042,282,0,1.0,1,1,1,0,0,0,social,0,0,0,0
"Spare tickets for BLACKPINK, Tottenham Hotspur Stadium. £32 each. Can't go anymore. Revolut or bank transfer. I'll transfer them after you pay.",645,13,0,0.58,0,0,-1,0,0,1,social,0,0,0,1
Tems tickets at Co-op Live!! Only £58!! I'm ill and can't go. Pay half now and half when you get them. Serious buyers only. DM me on WhatsApp.,37,35,0,1.0,0,1,1,1,0,1,social,0,0,0,1
"Got 1 Stray Kids tickets for OVO Arena Wembley I can't use. Lower tier. Selling at what I paid (£86). Clashes with a wedding. Genuine seller btw, check my profile. Transfer on the official app straight away.",1684,325,0,1.0,0,1,1,0,0,1,social,0,0,0,0
Dave tickets at AO Arena!! Standing. £89 each. Work came up last minute. PayPal friends and family only. Can send screenshots of the tickets. Serious buyers only.,391,6,0,0.59,0,1,1,0,0,1,social,0,0,0,1
"Olivia Rodrigo tickets at Utilita Arena!! £35 each. PayPal friends and family only. I'll email you the PDF tickets once paid. Genuine seller, not a scam.",678,792,1,1.0,0,1,1,1,0,1,social,0,0,0,1
"SZA @ O2 Arena, 2 tickets available. Block 352 Row E Seats 4-34. £65 each, face value. Small deposit to hold them and I'll transfer on the app.",1978,507,1,0.93,1,1,0,1,0,1,unknown_site,1,1,1,1
"Spare tickets for Rema, Utilita Arena. Cheap at £37. Can't go anymore due to a family emergency. Bank transfer only. Will send after payment.",30,35,0,0.39,0,1,0,1,0,1,social,0,0,0,1
"Selling 1 tickets for Beyonce at Utilita Arena. £78 each, Lower tier. Bought too many in the presale. Will list them on Twickets so you're protected. Can transfer as soon as payment goes through the platform.",51,457,0,0.92,0,1,1,0,0,1,social,0,0,0,0
"SZA @ Tottenham Hotspur Stadium, 3 tickets available. Standing, paid £87, selling for the same. Paying through the official exchange is fine. Tickets transferred through the Ticketmaster app.",2093,144,0,0.92,0,1,1,1,0,1,none,0,0,0,0
Got 2 Tems tickets for Co-op Live I can't use. Cheap at £34. Work came up last minute. Revolut or bank transfer. Will send after payment. DM me on WhatsApp.,22,15,0,1.0,0,1,1,1,0,1,social,0,0,0,1
"Anyone want BLACKPINK tickets? OVO Arena Wembley. Block 296 Row D Seats 2-38, paid £73, selling for the same. PayPal is limited on my account right now so bank transfer instead.",2096,427,1,0.86,1,-1,-1,1,0,1,secondary,0,0,0,1
4x SZA O2 Arena. Lower tier. Selling at what I paid (£90). Can't make the date anymore. Paying through the official exchange is fine. Tickets transferred through the Ticketmaster app.,48,1405,0,1.06,0,1,1,1,0,1,secondary,0,0,0,0
"Selling my Olivia Rodrigo tickets cheap, message me for details. I'll send you a 6 digit code to check you're real, just send the code back.",454,6,0,1.0,0,1,1,1,0,1,social,0,0,0,1
"Tems @ Utilita Arena, 1 tickets available. Cheap at £23. Can't go anymore. Can't take PayPal at the moment, bank instead please. I'll transfer them after you pay. Serious buyers only. DM me on WhatsApp.",2,9,0,0.42,0,1,1,0,1,1,social,0,0,0,1
Selling 4 tickets for Stray Kids at Utilita Arena. Standing. Selling at what I paid (£126). Can't make the date anymore. PayPal goods and services only. Transfer on the official app straight away.,24,1279,0,1.05,0,1,1,0,0,1,official,0,0,0,0
Selling 4 tickets for Rema at Wembley Stadium. Standing. Selling at what I paid (£147). Bought too many in the presale. Can do it through the Ticketmaster resale so it's safe for both of us. Can transfer as soon as payment goes through the platform.,1212,1092,0,0.98,0,1,1,1,0,0,official,0,0,0,0
"Central Cee @ OVO Arena Wembley, 3 tickets available. Floor standing. £54 each, face value. Work came up so can't make it. Will list them on Twickets so you're protected.",2808,318,0,0.98,0,1,1,1,0,1,official,0,0,0,0
"Spare tickets for Rema, Utilita Arena. Block 259 Row H Seats 15-31. £70 each, face value. Moving away that month. Paying through the official exchange is fine.",2678,1022,0,1.0,1,1,1,0,0,1,none,0,0,0,0
SELLING Dave OVO Arena Wembley TICKETS Only £77!! Revolut or bank transfer. Message me on Telegram. Won't last!!,251,34,0,0.64,0,1,1,1,0,1,social,0,0,0,1
SELLING SEVENTEEN O2 Arena TICKETS £99 each. Can't go anymore. PayPal isn't working on my account so bank transfer instead. Won't last!!,276,24,0,0.82,0,1,1,1,0,1,none,0,0,0,1
Got 1 Central Cee tickets for AO Arena I can't use. Block 183 Row H Seats 28-40. Selling at what I paid (£87). Bought too many in the presale. PayPal goods and services only.,54,18,0,1.02,1,0,-1,0,0,1,none,0,0,0,0
2x Burna Boy AO Arena. Block 163 Row G Seats 12-40. Selling at what I paid (£63). Will list them on Twickets so you're protected. Tickets transferred through the Ticketmaster app.,2531,1418,0,0.9,1,1,1,0,0,1,official,0,0,0,1
"Dave @ Tottenham Hotspur Stadium, 3 tickets available. Floor standing. £103 each, face value. Friend dropped out. Paying through the official exchange is fine. Tickets transferred through the Ticketmaster app.",1203,9,0,1.08,0,-1,-1,1,0,1,social,0,0,0,0
"Selling 1 for Rema at face (£43), will send via the official app.",2479,22,0,0.96,0,1,1,1,0,1,official,0,0,0,1
"3x Tems O2 Arena. Block 226 Row J Seats 1-33. £47 each, face value. Message me on WhatsApp if it's easier.",1974,232,0,1.04,1,1,1,0,0,1,official,0,0,0,0
Anyone want Dave tickets? AO Arena. Lower tier. Selling at what I paid (£84). Moving away that month. Can send a screenshot of my order confirmation. Will list them on Twickets so you're protected. Transfer on the official app straight away.,538,387,0,0.99,0,1,1,1,0,1,social,0,0,0,0
"Got 2 BLACKPINK tickets for AO Arena I can't use. Only £42!! Work came up last minute. Pay half now and half when you get them. Genuine seller, not a scam.",18,457,0,1.0,0,0,-1,1,0,1,social,0,0,0,1
"Coldplay @ OVO Arena Wembley, 2 tickets available. Cheap at £56. Can't go anymore. Send it as a gift so there are no fees. Tickets sent once paid.",35,29,0,1.0,0,1,1,1,0,1,unknown_site,1,1,0,1
"Can't make Coldplay anymore, 4 tickets going at a discount, PM.",13,0,0,1.0,0,1,0,1,0,1,social,0,0,0,1
"Selling 4 tickets for SZA at Co-op Live. Floor standing, paid £89, selling for the same. Moving away that month. Need them gone quick. PayPal goods and services only.",60,38,1,0.94,0,1,1,0,0,1,social,0,0,0,0
Anyone want Rema tickets? Wembley Stadium. Lower tier. Selling at what I paid (£88). Friend dropped out. Can do it through the Ticketmaster resale so it's safe for both of us. Happy to show proof of purchase.,416,154,0,1.04,0,1,1,1,0,1,social,0,0,0,0
"Selling 2 tickets for SZA at AO Arena. Block 207 Row A Seats 6-33. £101 each, face value. Friend dropped out. PayPal goods and services only. Can transfer as soon as payment goes through the platform.",60,463,0,1.06,1,1,1,1,0,1,secondary,0,0,0,0
"SELLING SEVENTEEN Co-op Live TICKETS Only £60!! I'm ill and can't go. Revolut or bank transfer. I'll send you a 6 digit code to check you're real, just send the code back.",35,16,0,1.0,0,1,1,1,0,1,social,0,0,0,1
"SELLING Olivia Rodrigo Tottenham Hotspur Stadium TICKETS Only £28!! Don't put tickets in the reference or PayPal holds the money. Tickets sent once paid. 100% legit, can vouch.",148,315,0,0.4,0,1,1,1,1,1,social,0,0,0,1
"SZA @ O2 Arena, 2 tickets available. Only £57!! Work came up last minute. Bank transfer only. Genuine seller, not a scam.",576,7,0,0.47,0,1,0,1,0,1,social,0,0,0,1
"Selling 2 tickets for SZA at Tottenham Hotspur Stadium. £93 each, Floor standing. Bought too many in the presale. Will list them on Twickets so you're protected. Happy to show proof of purchase.",1855,6,0,0.98,0,1,1,0,0,1,social,0,0,0,0
"Rema @ Wembley Stadium, 2 tickets available. Standing. £43 each. Can't go anymore. PayPal friends and family only.",889,2,0,0.45,0,-1,-1,1,0,1,social,0,0,0,1
"Central Cee @ Tottenham Hotspur Stadium, 2 tickets available. Cheap at £57. I'm ill and can't go. PayPal isn't working on my account so bank transfer instead. I'll email you the PDF tickets once paid.",4,8,0,1.0,0,1,0,1,0,1,secondary,0,0,0,1
"Anyone want SZA tickets? OVO Arena Wembley. Floor standing, paid £87, selling for the same. Can't go anymore, gutted. PayPal goods and services only. Can transfer as soon as payment goes through the platform.",14,39,0,0.92,0,1,1,1,0,1,official,0,0,0,0
"Got tickets going for Coldplay tonight, pm for info.",842,562,0,1.0,0,1,0,1,0,1,social,0,0,0,1
"4x SZA OVO Arena Wembley. Floor standing. £50 each. Can't go anymore due to a family emergency. Revolut or bank transfer. Can send screenshots of the tickets. Genuine seller, not a scam. Serious buyers only.",9,224,0,1.0,0,1,1,1,0,1,unknown_site,0,1,0,1
"Selling 2 tickets for BLACKPINK at Wembley Stadium. Lower tier. £78 each, face value. Clashes with a wedding. Paying through the official exchange is fine. Can transfer as soon as payment goes through the platform.",32,675,0,0.92,0,1,1,1,0,0,none,0,0,0,0
"SEVENTEEN @ Co-op Live, 4 tickets available. £63 each, Block 394 Row G Seats 26-34. Will list them on Twickets so you're protected. Happy to show proof of purchase.",26,1155,0,0.9,1,1,1,0,0,1,social,0,0,0,0
"Coldplay @ Utilita Arena, 4 tickets available. Floor standing. Selling at what I paid (£71). Moving away that month. PayPal goods and services only.",1894,951,0,1.01,0,1,1,1,0,0,official,0,0,0,0
Last minute 3x Dave at Wembley Stadium. Cheap at £64. Can't go anymore due to a family emergency. Pay half now and half when you get them.,6,40,0,0.53,0,1,1,0,1,1,secondary,0,0,0,1
"SEVENTEEN @ Co-op Live, 1 tickets available. Lower tier. £56 each. I'm ill and can't go. Revolut or bank transfer. DM me on WhatsApp.",811,24,0,1.0,0,1,1,1,0,1,none,0,0,0,1
"Coldplay tickets at Tottenham Hotspur Stadium!! Cheap at £63. PayPal isn't working on my account so bank transfer instead. Loads of people messaging, first to pay gets them.",37,5,0,0.42,0,1,1,1,0,0,unknown_site,0,1,0,1
"Spare Rema ticket tonight, £43 face value, DICE transfer.",30,1383,0,1.0,0,1,1,1,0,1,social,0,0,0,0
"4x Burna Boy Wembley Stadium. Floor standing. Selling at what I paid (£41). Can't go anymore, gutted. Will list them on Twickets so you're protected.",1216,200,0,0.91,0,1,1,0,0,1,social,0,0,0,0
"Tems at AO Arena, Standing, £45 each, Ticketmaster transfer + PayPal G&S.",1537,935,0,1.0,0,1,1,1,0,1,official,0,0,0,0
Anyone want Burna Boy tickets? Co-op Live. Standing. £31 each. Bank transfer only. Will send after payment.,616,415,0,1.0,0,1,1,1,0,1,social,0,0,0,1
"SZA at O2 Arena, Floor standing, £95 each, Ticketmaster transfer + PayPal G&S.",1963,1277,0,1.0,0,1,1,1,0,1,official,0,0,0,0
"4x Coldplay OVO Arena Wembley. Block 175 Row A Seats 8-39, paid £45, selling for the same. Bought too many in the presale. Can send a screenshot of my order confirmation.",2723,432,0,1.0,1,1,1,1,0,1,social,0,0,0,0
"Anyone want Burna Boy tickets? O2 Arena. Floor standing. £113 each, face value. Clashes with a wedding. Happy to use PayPal G&S so you're covered.",36,498,0,0.94,0,1,1,0,0,0,social,0,0,0,0
"1 x Rema standing, £42, listing it on Twickets now.",23,29,0,0.93,0,1,1,0,0,0,none,0,0,0,0
"BLACKPINK @ AO Arena, 2 tickets available. Standing. Selling at what I paid (£53). Happy to transfer on the app, just prefer friends and family to avoid fees.",34,15,0,0.96,0,1,1,1,1,1,unknown_site,0,1,1,1
"Olivia Rodrigo @ OVO Arena Wembley, 4 tickets available. Cheap at £66. Work came up last minute. Pay half now and half when you get them. I'll email you the PDF tickets once paid. Serious buyers only. Like and comment below and I'll inbox you the details.",1146,1148,1,0.78,0,-1,-1,0,0,1,social,0,0,0,1
"BLACKPINK @ Utilita Arena, 4 tickets available. Floor standing. £149 each, face value. Moving away that month. Tickets are PDFs by email for this venue.",53,418,0,0.99,0,1,1,1,0,0,none,0,0,0,0
"Selling 2 tickets for Beyonce at Wembley Stadium. Block 119 Row H Seats 13-39. £51 each, face value. Can't make the date anymore. Will list them on Twickets so you're protected. Happy to show proof of purchase.",1507,405,0,0.93,1,1,1,0,0,1,social,0,0,0,0
"2 spare for Beyonce, inbox me.",786,25,0,1.0,0,1,0,1,0,1,social,0,0,0,1
"SEVENTEEN @ Utilita Arena, 3 tickets available. Lower tier, paid £67, selling for the same. Can't go anymore, gutted. PayPal is limited on my account right now so bank transfer instead.",761,13,0,1.0,0,0,-1,0,1,1,social,0,0,0,1
"Last minute 2x Dave at Co-op Live. £53 each. I'm ill and can't go. £20 deposit to hold them for you, rest before the show. Can send screenshots of the tickets. Won't last!! Genuine seller, not a scam.",36,459,0,1.0,0,1,0,0,0,1,social,0,0,0,1
"Can't make Olivia Rodrigo anymore, 1 tickets going at a discount, PM. I'll send you a 6 digit code to check you're real, just send the code back.",143,38,0,1.0,0,1,0,1,1,1,social,0,0,0,1
Dave tickets at Co-op Live!! Only £67!! Can't go anymore due to a family emergency. Pay half now and half when you get them. Will send after payment. Few others asking so first come first served.,2700,617,1,1.0,0,1,0,1,0,1,social,0,0,0,1
"Anyone want Beyonce tickets? Tottenham Hotspur Stadium. Floor standing. Selling at what I paid (£43). Can't go anymore, gutted. Need them gone quick. Can transfer as soon as payment goes through the platform.",389,702,0,0.96,0,1,1,1,0,1,social,0,0,0,0
Anyone want Rema tickets? Wembley Stadium. £21 each. Work came up last minute. Bank transfer only. I'll email you the PDF tickets once paid.,1429,763,1,0.38,0,1,1,1,0,1,social,0,0,0,1
"Selling 1 tickets for Tems at AO Arena. £56 each. Can't take PayPal at the moment, bank instead please. Will send after payment. 100% legit, can vouch.",22,29,0,1.0,0,1,1,0,0,0,social,0,0,0,1
"Tickets available, message me.",16,10,0,1.0,0,-1,-1,0,0,1,social,0,0,0,1
"Anyone want Tems tickets? O2 Arena. Floor standing. £88 each, face value. Can do it through the Ticketmaster resale so it's safe for both of us.",806,1384,0,1.04,0,1,1,0,0,1,social,0,0,0,0
"2 spare for Central Cee, inbox me. I'll send you a 6 digit code to check you're real, just send the code back.",2928,680,1,1.0,0,1,0,1,0,1,social,0,0,0,1
"Olivia Rodrigo @ AO Arena, 3 tickets available. Only £74!! Don't put tickets in the reference or PayPal holds the money. Will send after payment.",1,21,0,1.0,0,-1,-1,1,0,1,social,0,0,0,1
"Spare Tems tix, send me a message.",2028,700,1,1.0,0,1,0,1,1,1,social,0,0,0,1
"Spare tickets for Rema, Wembley Stadium. Cheap at £74. Can't go anymore. Bank transfer only. Like and comment below and I'll inbox you the details. Payment goes to my cousin's account as mine is restricted at the moment.",26,591,0,0.62,0,1,1,1,0,1,unknown_site,0,1,0,1
Got 2 Burna Boy tickets for AO Arena I can't use. Block 175 Row E Seats 2-35. Selling at what I paid (£90). Friend dropped out. Will list them on Twickets so you're protected. Transfer on the official app straight away.,415,11,0,1.06,1,1,0,0,0,1,none,0,0,0,0
SEVENTEEN tickets at Co-op Live!! £63 each. PayPal isn't working on my account so bank transfer instead. Will send after payment.,3,25,0,1.0,0,1,1,1,0,1,social,0,0,0,1
Selling 1 tickets for SZA at Co-op Live. Standing. £80 each. Can't go anymore. Send it as a gift so there are no fees. Can send screenshots of the tickets. DM me on WhatsApp. Payment goes to my cousin's account as mine is restricted at the moment.,746,35,0,0.67,0,-1,-1,0,0,1,none,0,0,0,1
"Anyone want Central Cee tickets? AO Arena. Floor standing, paid £79, selling for the same. Can't make the date anymore. Genuine seller btw, check my profile.",399,513,0,0.93,0,1,0,1,0,1,social,0,0,0,0
"Central Cee @ Co-op Live, 4 tickets available. Standing. £44 each, face value. Can't go anymore, gutted. Can do it through the Ticketmaster resale so it's safe for both of us. Transfer on the official app straight away.",29,1371,0,0.98,0,1,1,1,0,1,official,0,0,0,0
"Selling 1 for Burna Boy at face (£74), will send via the official app.",927,119,0,1.06,0,1,1,1,0,1,social,0,0,0,0
Last minute 2x Central Cee at Wembley Stadium. Floor standing. £27 each. Revolut or bank transfer. I'll transfer them after you pay.,16,14,0,1.0,0,1,1,1,1,1,secondary,0,0,0,1
"Got 1 Rema tickets for Co-op Live I can't use. Floor standing, paid £59, selling for the same. Work came up so can't make it. PayPal goods and services only. Happy to show proof of purchase.",223,1305,0,1.07,0,1,1,0,0,1,social,0,0,0,0
"Got 4 Burna Boy tickets for Co-op Live I can't use. Block 292 Row B Seats 11-34, paid £82, selling for the same. Moving away that month. Message me on WhatsApp if it's easier.",10,772,0,0.96,1,1,1,0,0,1,social,0,0,0,0
"4x SEVENTEEN O2 Arena. Lower tier. £52 each, face value. Bought too many in the presale. Can do it through the Ticketmaster resale so it's safe for both of us. Transfer on the official app straight away.",795,39,0,0.95,0,1,1,1,0,0,none,0,0,0,0
SELLING Coldplay Tottenham Hotspur Stadium TICKETS £49 each. Can't go anymore due to a family emergency. PayPal friends and family only. Like and comment below and I'll inbox you the details.,680,342,0,0.58,0,0,-1,0,0,1,social,0,0,0,1
3x SZA Tottenham Hotspur Stadium. Only £36!! Can't go anymore. Send it as a gift so there are no fees. Will send after payment. DM me on WhatsApp.,10,531,0,1.0,0,1,1,1,0,1,social,0,0,0,1
Last minute 4x Tems at AO Arena. £42 each. Work came up last minute. PayPal friends and family only. I'll transfer them after you pay. Few others asking so first come first served.,44,107,0,0.6,0,1,1,1,1,1,social,0,0,0,1
"3 tickets for Central Cee, £136, AXS transfer, paypal goods and services.",1401,11,0,1.0,0,-1,-1,0,0,1,social,0,0,0,0
"Selling 4 tickets for Rema at O2 Arena. £42 each, Floor standing. Bought too many in the presale. Can send a screenshot of my order confirmation. Happy to use PayPal G&S so you're covered.",1892,38,0,1.0,0,1,1,1,0,1,social,0,0,0,0
"Spare tickets for Central Cee, O2 Arena. Lower tier, paid £43, selling for the same. Bought too many in the presale. Will send the tickets as a PDF.",11,29,0,0.96,0,1,0,1,0,1,none,0,0,0,1
Got 2 Rema tickets for Utilita Arena I can't use. Block 321 Row J Seats 14-36. Selling at what I paid (£155). Moving away that month. Paying through the official exchange is fine. Transfer on the official app straight away.,2650,5,0,1.03,1,1,0,0,0,1,official,0,0,0,0
"Got 3 SEVENTEEN tickets for Tottenham Hotspur Stadium I can't use. Floor standing. £48 each, face value. Bought too many in the presale. PDF tickets, sent by email.",23,25,0,0.87,0,1,0,1,0,1,social,0,0,0,1
"Anyone want Dave tickets? Tottenham Hotspur Stadium. Block 408 Row H Seats 7-32. £154 each, face value. Can't go anymore, gutted. Can do it through the Ticketmaster resale so it's safe for both of us. Happy to show proof of purchase.",1713,639,0,1.03,1,1,1,0,0,1,official,0,0,0,0
"Got 1 Stray Kids tickets for OVO Arena Wembley I can't use. Cheap at £34. Can't go anymore due to a family emergency. £20 deposit to hold them for you, rest before the show. Can send a screenshot of the booking so you know they're real.",42,476,0,0.36,0,1,0,0,0,1,social,0,0,0,1
"Spare tickets for Beyonce, Utilita Arena. £125 each, Block 162 Row A Seats 23-33. Work came up so can't make it. Will list them on Twickets so you're protected. Tickets transferred through the Ticketmaster app.",1277,1032,0,1.04,1,-1,-1,0,0,1,social,0,0,0,0
"2x Tems O2 Arena. Cheap at £48. Can't go anymore due to a family emergency. £20 deposit to hold them for you, rest before the show. Can send screenshots of the tickets. Won't last!! Also got a couple of presale codes going for £30 each.",39,13,0,1.0,0,1,1,1,0,0,social,0,0,0,1
"Spare BLACKPINK ticket tonight, £75 face value, DICE transfer.",2161,313,0,1.07,0,1,1,1,0,1,none,0,0,0,0
"Got 2 SEVENTEEN tickets for Tottenham Hotspur Stadium I can't use. Floor standing. £55 each, face value. Work came up so can't make it. Will list them on Twickets so you're protected. Can transfer as soon as payment goes through the platform.",2317,14,0,1.0,0,1,1,0,0,1,official,0,0,0,0
"Spare tickets for Burna Boy, OVO Arena Wembley. Standing. £93 each. Can't go anymore. PayPal isn't working on my account so bank transfer instead. Tickets sent once paid. Few others asking so first come first served. Also got a couple of presale codes going for £30 each.",2113,1315,1,1.0,0,0,-1,1,0,1,social,0,0,0,1
Anyone want Burna Boy tickets? Co-op Live. Block 186 Row J Seats 18-31. Selling at what I paid (£49). Clashes with a wedding. Can do it through the Ticketmaster resale so it's safe for both of us. Tickets transferred through the Ticketmaster app.,422,244,0,1.09,1,1,1,1,0,1,official,0,0,0,0
"4x Dave O2 Arena. £67 each, Standing. Happy to transfer on the app, just prefer friends and family to avoid fees.",527,31,0,0.96,0,0,-1,1,0,1,social,0,0,0,1
"Anyone want SZA tickets? OVO Arena Wembley. £66 each, Standing. Clashes with a wedding. Will list them on Twickets so you're protected. Tickets transferred through the Ticketmaster app.",717,125,0,1.0,0,1,1,0,0,0,official,0,0,0,0
"Can't make Olivia Rodrigo anymore, 3 tickets going at a discount, PM.",532,13,0,1.0,0,1,0,1,0,1,social,0,0,0,1
"3x Rema Wembley Stadium. £111 each, Block 141 Row J Seats 24-36. Moving away that month. Will list them on Twickets so you're protected. Happy to show proof of purchase.",53,10,0,0.93,1,1,1,1,0,1,social,0,0,0,0
"Anyone want SZA tickets? AO Arena. £101 each, Lower tier. Work came up so can't make it. Can do it through the Ticketmaster resale so it's safe for both of us. Happy to show proof of purchase.",24,961,0,1.06,0,1,1,0,0,0,social,0,0,0,0
"Selling 4 tickets for SZA at Co-op Live. Lower tier, paid £42, selling for the same. Can't go anymore, gutted. Bank transfer is easiest for me but can do PayPal. PayPal goods and services only. Happy to show proof of purchase.",12,1449,0,0.93,0,1,1,1,0,0,social,0,0,0,0
"SEVENTEEN @ OVO Arena Wembley, 2 tickets available. Cheap at £25. Can't go anymore due to a family emergency. Crypto or gift cards accepted. I'll email you the PDF tickets once paid. DM me on WhatsApp.",35,38,0,0.56,0,1,1,1,0,1,unknown_site,1,0,1,1
"Got 1 Stray Kids tickets for Wembley Stadium I can't use. £97 each, Standing. Friend dropped out. Can do it through the Ticketmaster resale so it's safe for both of us.",1303,1338,0,1.02,0,1,1,1,0,1,secondary,0,0,0,0
